{
  "densities": [
    0.0,
    0.010101010101010102,
    0.020202020202020204,
    0.030303030303030304,
    0.04040404040404041,
    0.05050505050505051,
    0.06060606060606061,
    0.07070707070707072,
    0.08080808080808081,
    0.09090909090909091,
    0.10101010101010102,
    0.11111111111111112,
    0.12121212121212122,
    0.13131313131313133,
    0.14141414141414144,
    0.15151515151515152,
    0.16161616161616163,
    0.17171717171717174,
    0.18181818181818182,
    0.19191919191919193,
    0.20202020202020204,
    0.21212121212121213,
    0.22222222222222224,
    0.23232323232323235,
    0.24242424242424243,
    0.25252525252525254,
    0.26262626262626265,
    0.27272727272727276,
    0.2828282828282829,
    0.29292929292929293,
    0.30303030303030304,
    0.31313131313131315,
    0.32323232323232326,
    0.33333333333333337,
    0.3434343434343435,
    0.3535353535353536,
    0.36363636363636365,
    0.37373737373737376,
    0.38383838383838387,
    0.393939393939394,
    0.4040404040404041,
    0.4141414141414142,
    0.42424242424242425,
    0.43434343434343436,
    0.4444444444444445,
    0.4545454545454546,
    0.4646464646464647,
    0.4747474747474748,
    0.48484848484848486,
    0.494949494949495,
    0.5050505050505051,
    0.5151515151515152,
    0.5252525252525253,
    0.5353535353535354,
    0.5454545454545455,
    0.5555555555555556,
    0.5656565656565657,
    0.5757575757575758,
    0.5858585858585859,
    0.595959595959596,
    0.6060606060606061,
    0.6161616161616162,
    0.6262626262626263,
    0.6363636363636365,
    0.6464646464646465,
    0.6565656565656566,
    0.6666666666666667,
    0.6767676767676768,
    0.686868686868687,
    0.696969696969697,
    0.7070707070707072,
    0.7171717171717172,
    0.7272727272727273,
    0.7373737373737375,
    0.7474747474747475,
    0.7575757575757577,
    0.7676767676767677,
    0.7777777777777778,
    0.787878787878788,
    0.797979797979798,
    0.8080808080808082,
    0.8181818181818182,
    0.8282828282828284,
    0.8383838383838385,
    0.8484848484848485,
    0.8585858585858587,
    0.8686868686868687,
    0.8787878787878789,
    0.888888888888889,
    0.8989898989898991,
    0.9090909090909092,
    0.9191919191919192,
    0.9292929292929294,
    0.9393939393939394,
    0.9494949494949496,
    0.9595959595959597,
    0.9696969696969697,
    0.9797979797979799,
    0.98989898989899,
    1.0
  ],
  "sizes": [
    20,
    40
  ],
  "seed": 10915448474704844287,
  "num_samples": 100000,
  "before_claw_free": [
    [
      1.0,
      0.98321,
      0.8923,
      0.7248,
      0.5219,
      0.33822,
      0.19736,
      0.10475,
      0.05095,
      0.02348,
      0.01007,
      0.00376,
      0.00183,
      0.00066,
      0.00017,
      0.00005,
      0.00004,
      0.00001,
      0.0,
      0.0,
      0.0,
      0.0,
      0.0,
      0.0,
      0.0,
      0.0,
      0.0,
      0.0,
      0.0,
      0.0,
      0.0,
      0.0,
      0.0,
      0.0,
      0.0,
      0.0,
      0.0,
      0.0,
      0.0,
      0.0,
      0.0,
      0.0,
      0.0,
      0.0,
      0.0,
      0.0,
      0.0,
      0.0,
      0.0,
      0.0,
      0.0,
      0.0,
      0.0,
      0.0,
      0.0,
      0.0,
      0.0,
      0.0,
      0.0,
      0.0,
      0.0,
      0.0,
      0.0,
      0.0,
      0.0,
      0.0,
      0.0,
      0.0,
      0.0,
      0.0,
      0.0,
      0.00001,
      0.00001,
      0.00001,
      0.00006,
      0.00011,
      0.0003,
      0.00071,
      0.00158,
      0.00353,
      0.00619,
      0.01135,
      0.02232,
      0.03654,
      0.05859,
      0.09355,
      0.14198,
      0.20512,
      0.28527,
      0.37828,
      0.48006,
      0.58835,
      0.69442,
      0.79434,
      0.87156,
      0.92971,
      0.96921,
      0.99102,
      0.99891,
      1.0
    ],
    [
      1.0,
      0.76774,
      0.22545,
      0.02548,
      0.00142,
      0.00001,
      0.0,
      0.0,
      0.0,
      0.0,
      0.0,
      0.0,
      0.0,
      0.0,
      0.0,
      0.0,
      0.0,
      0.0,
      0.0,
      0.0,
      0.0,
      0.0,
      0.0,
      0.0,
      0.0,
      0.0,
      0.0,
      0.0,
      0.0,
      0.0,
      0.0,
      0.0,
      0.0,
      0.0,
      0.0,
      0.0,
      0.0,
      0.0,
      0.0,
      0.0,
      0.0,
      0.0,
      0.0,
      0.0,
      0.0,
      0.0,
      0.0,
      0.0,
      0.0,
      0.0,
      0.0,
      0.0,
      0.0,
      0.0,
      0.0,
      0.0,
      0.0,
      0.0,
      0.0,
      0.0,
      0.0,
      0.0,
      0.0,
      0.0,
      0.0,
      0.0,
      0.0,
      0.0,
      0.0,
      0.0,
      0.0,
      0.0,
      0.0,
      0.0,
      0.0,
      0.0,
      0.0,
      0.0,
      0.0,
      0.0,
      0.0,
      0.0,
      0.0,
      0.0,
      0.0,
      0.0,
      0.0,
      0.0,
      0.00013,
      0.00073,
      0.00387,
      0.01796,
      0.05751,
      0.1513,
      0.32003,
      0.54692,
      0.76925,
      0.92358,
      0.98985,
      1.0
    ]
  ],
  "after_claw_free": [
    [
      1.0,
      0.99904,
      0.98071,
      0.90493,
      0.76622,
      0.57902,
      0.3953,
      0.24171,
      0.13488,
      0.07037,
      0.03349,
      0.01431,
      0.00634,
      0.00262,
      0.00083,
      0.00022,
      0.00012,
      0.00002,
      0.0,
      0.0,
      0.0,
      0.0,
      0.0,
      0.0,
      0.0,
      0.0,
      0.0,
      0.0,
      0.0,
      0.0,
      0.0,
      0.0,
      0.0,
      0.0,
      0.0,
      0.0,
      0.0,
      0.0,
      0.0,
      0.0,
      0.0,
      0.0,
      0.0,
      0.0,
      0.0,
      0.0,
      0.0,
      0.0,
      0.0,
      0.0,
      0.0,
      0.0,
      0.0,
      0.0,
      0.0,
      0.0,
      0.0,
      0.0,
      0.0,
      0.0,
      0.0,
      0.0,
      0.0,
      0.0,
      0.0,
      0.0,
      0.0,
      0.0,
      0.0,
      0.0,
      0.0,
      0.00001,
      0.00001,
      0.00002,
      0.00007,
      0.00011,
      0.00031,
      0.00079,
      0.00173,
      0.00392,
      0.00693,
      0.01274,
      0.02495,
      0.04099,
      0.06587,
      0.1059,
      0.1607,
      0.2324,
      0.32417,
      0.42922,
      0.54128,
      0.65656,
      0.76442,
      0.85884,
      0.92444,
      0.96743,
      0.98981,
      0.99854,
      0.99995,
      1.0
    ],
    [
      1.0,
      0.94364,
      0.49692,
      0.10094,
      0.00856,
      0.00034,
      0.00001,
      0.0,
      0.0,
      0.0,
      0.0,
      0.0,
      0.0,
      0.0,
      0.0,
      0.0,
      0.0,
      0.0,
      0.0,
      0.0,
      0.0,
      0.0,
      0.0,
      0.0,
      0.0,
      0.0,
      0.0,
      0.0,
      0.0,
      0.0,
      0.0,
      0.0,
      0.0,
      0.0,
      0.0,
      0.0,
      0.0,
      0.0,
      0.0,
      0.0,
      0.0,
      0.0,
      0.0,
      0.0,
      0.0,
      0.0,
      0.0,
      0.0,
      0.0,
      0.0,
      0.0,
      0.0,
      0.0,
      0.0,
      0.0,
      0.0,
      0.0,
      0.0,
      0.0,
      0.0,
      0.0,
      0.0,
      0.0,
      0.0,
      0.0,
      0.0,
      0.0,
      0.0,
      0.0,
      0.0,
      0.0,
      0.0,
      0.0,
      0.0,
      0.0,
      0.0,
      0.0,
      0.0,
      0.0,
      0.0,
      0.0,
      0.0,
      0.0,
      0.0,
      0.0,
      0.0,
      0.0,
      0.0,
      0.00014,
      0.00077,
      0.00404,
      0.01903,
      0.062,
      0.16521,
      0.35179,
      0.59882,
      0.82554,
      0.95964,
      0.99767,
      1.0
    ]
  ],