{
  "densities": [
    0.0,
    0.010101010101010102,
    0.020202020202020204,
    0.030303030303030304,
    0.04040404040404041,
    0.05050505050505051,
    0.06060606060606061,
    0.07070707070707072,
    0.08080808080808081,
    0.09090909090909091,
    0.10101010101010102,
    0.11111111111111112,
    0.12121212121212122,
    0.13131313131313133,
    0.14141414141414144,
    0.15151515151515152,
    0.16161616161616163,
    0.17171717171717174,
    0.18181818181818182,
    0.19191919191919193,
    0.20202020202020204,
    0.21212121212121213,
    0.22222222222222224,
    0.23232323232323235,
    0.24242424242424243,
    0.25252525252525254,
    0.26262626262626265,
    0.27272727272727276,
    0.2828282828282829,
    0.29292929292929293,
    0.30303030303030304,
    0.31313131313131315,
    0.32323232323232326,
    0.33333333333333337,
    0.3434343434343435,
    0.3535353535353536,
    0.36363636363636365,
    0.37373737373737376,
    0.38383838383838387,
    0.393939393939394,
    0.4040404040404041,
    0.4141414141414142,
    0.42424242424242425,
    0.43434343434343436,
    0.4444444444444445,
    0.4545454545454546,
    0.4646464646464647,
    0.4747474747474748,
    0.48484848484848486,
    0.494949494949495,
    0.5050505050505051,
    0.5151515151515152,
    0.5252525252525253,
    0.5353535353535354,
    0.5454545454545455,
    0.5555555555555556,
    0.5656565656565657,
    0.5757575757575758,
    0.5858585858585859,
    0.595959595959596,
    0.6060606060606061,
    0.6161616161616162,
    0.6262626262626263,
    0.6363636363636365,
    0.6464646464646465,
    0.6565656565656566,
    0.6666666666666667,
    0.6767676767676768,
    0.686868686868687,
    0.696969696969697,
    0.7070707070707072,
    0.7171717171717172,
    0.7272727272727273,
    0.7373737373737375,
    0.7474747474747475,
    0.7575757575757577,
    0.7676767676767677,
    0.7777777777777778,
    0.787878787878788,
    0.797979797979798,
    0.8080808080808082,
    0.8181818181818182,
    0.8282828282828284,
    0.8383838383838385,
    0.8484848484848485,
    0.8585858585858587,
    0.8686868686868687,
    0.8787878787878789,
    0.888888888888889,
    0.8989898989898991,
    0.9090909090909092,
    0.9191919191919192,
    0.9292929292929294,
    0.9393939393939394,
    0.9494949494949496,
    0.9595959595959597,
    0.9696969696969697,
    0.9797979797979799,
    0.98989898989899,
    1.0
  ],
  "sizes": [
    20,
    40
  ],
  "seed": 12182969309797981027,
  "num_samples": 100000,
  "before_claw_free": [
    [
      1.0,
      0.98312,
      0.89277,
      0.72591,
      0.51985,
      0.33841,
      0.19693,
      0.10482,
      0.05207,
      0.02334,
      0.01036,
      0.00428,
      0.00144,
      0.00051,
      0.00026,
      0.00007,
      0.00004,
      0.0,
      0.0,
      0.0,
      0.0,
      0.0,
      0.0,
      0.0,
      0.0,
      0.0,
      0.0,
      0.0,
      0.0,
      0.0,
      0.0,
      0.0,
      0.0,
      0.0,
      0.0,
      0.0,
      0.0,
      0.0,
      0.0,
      0.0,
      0.0,
      0.0,
      0.0,
      0.0,
      0.0,
      0.0,
      0.0,
      0.0,
      0.0,
      0.0,
      0.0,
      0.0,
      0.0,
      0.0,
      0.0,
      0.0,
      0.0,
      0.0,
      0.0,
      0.0,
      0.0,
      0.0,
      0.0,
      0.0,
      0.0,
      0.0,
      0.0,
      0.0,
      0.0,
      0.0,
      0.0,
      0.0,
      0.00001,
      0.0,
      0.00005,
      0.00017,
      0.0003,
      0.00076,
      0.00175,
      0.00347,
      0.00667,
      0.01155,
      0.02102,
      0.03601,
      0.05891,
      0.09434,
      0.14316,
      0.20663,
      0.28344,
      0.37689,
      0.48319,
      0.59171,
      0.69399,
      0.78867,
      0.87289,
      0.93111,
      0.96945,
      0.99045,
      0.99879,
      1.0
    ],
    [
      1.0,
      0.76647,
      0.22648,
      0.02591,
      0.00134,
      0.00001,
      0.0,
      0.0,
      0.0,
      0.0,
      0.0,
      0.0,
      0.0,
      0.0,
      0.0,
      0.0,
      0.0,
      0.0,
      0.0,
      0.0,
      0.0,
      0.0,
      0.0,
      0.0,
      0.0,
      0.0,
      0.0,
      0.0,
      0.0,
      0.0,
      0.0,
      0.0,
      0.0,
      0.0,
      0.0,
      0.0,
      0.0,
      0.0,
      0.0,
      0.0,
      0.0,
      0.0,
      0.0,
      0.0,
      0.0,
      0.0,
      0.0,
      0.0,
      0.0,
      0.0,
      0.0,
      0.0,
      0.0,
      0.0,
      0.0,
      0.0,
      0.0,
      0.0,
      0.0,
      0.0,
      0.0,
      0.0,
      0.0,
      0.0,
      0.0,
      0.0,
      0.0,
      0.0,
      0.0,
      0.0,
      0.0,
      0.0,
      0.0,
      0.0,
      0.0,
      0.0,
      0.0,
      0.0,
      0.0,
      0.0,
      0.0,
      0.0,
      0.0,
      0.0,
      0.0,
      0.0,
      0.0,
      0.0,
      0.00007,
      0.00083,
      0.00418,
      0.01744,
      0.0581,
      0.15284,
      0.32331,
      0.5468,
      0.77111,
      0.92234,
      0.98992,
      1.0
    ]
  ],
  "after_claw_free": [
    [
      1.0,
      0.99907,
      0.98015,
      0.90688,
      0.7639,
      0.58062,
      0.39393,
      0.24122,
      0.13513,
      0.07027,
      0.03413,
      0.01506,
      0.0058,
      0.00204,
      0.00091,
      0.00037,
      0.00014,
      0.00002,
      0.00002,
      0.00001,
      0.0,
      0.0,
      0.0,
      0.0,
      0.0,
      0.0,
      0.0,
      0.0,
      0.0,
      0.0,
      0.0,
      0.0,
      0.0,
      0.0,
      0.0,
      0.0,
      0.0,
      0.0,
      0.0,
      0.0,
      0.0,
      0.0,
      0.0,
      0.0,
      0.0,
      0.0,
      0.0,
      0.0,
      0.0,
      0.0,
      0.0,
      0.0,
      0.0,
      0.0,
      0.0,
      0.0,
      0.0,
      0.0,
      0.0,
      0.0,
      0.0,
      0.0,
      0.0,
      0.0,
      0.0,
      0.0,
      0.0,
      0.0,
      0.0,
      0.0,
      0.0,
      0.0,
      0.00001,
      0.0,
      0.00005,
      0.00018,
      0.00031,
      0.00085,
      0.00188,
      0.00373,
      0.00737,
      0.01268,
      0.02361,
      0.04049,
      0.06663,
      0.10716,
      0.16186,
      0.23452,
      0.32244,
      0.42537,
      0.54178,
      0.65877,
      0.76421,
      0.85349,
      0.92453,
      0.96677,
      0.99029,
      0.99824,
      0.99995,
      1.0
    ],
    [
      1.0,
      0.94318,
      0.49757,
      0.10217,
      0.0087,
      0.00036,
      0.0,
      0.0,
      0.0,
      0.0,
      0.0,
      0.0,
      0.0,
      0.0,
      0.0,
      0.0,
      0.0,
      0.0,
      0.0,
      0.0,
      0.0,
      0.0,
      0.0,
      0.0,
      0.0,
      0.0,
      0.0,
      0.0,
      0.0,
      0.0,
      0.0,
      0.0,
      0.0,
      0.0,
      0.0,
      0.0,
      0.0,
      0.0,
      0.0,
      0.0,
      0.0,
      0.0,
      0.0,
      0.0,
      0.0,
      0.0,
      0.0,
      0.0,
      0.0,
      0.0,
      0.0,
      0.0,
      0.0,
      0.0,
      0.0,
      0.0,
      0.0,
      0.0,
      0.0,
      0.0,
      0.0,
      0.0,
      0.0,
      0.0,
      0.0,
      0.0,
      0.0,
      0.0,
      0.0,
      0.0,
      0.0,
      0.0,
      0.0,
      0.0,
      0.0,
      0.0,
      0.0,
      0.0,
      0.0,
      0.0,
      0.0,
      0.0,
      0.0,
      0.0,
      0.0,
      0.0,
      0.0,
      0.0,
      0.00007,
      0.00086,
      0.00431,
      0.01846,
      0.06261,
      0.16678,
      0.35429,
      0.59759,
      0.82741,
      0.9584,
      0.99775,
      1.0
    ]
  ],