{
  "densities": [
    0.0,
    0.010101010101010102,
    0.020202020202020204,
    0.030303030303030304,
    0.04040404040404041,
    0.05050505050505051,
    0.06060606060606061,
    0.07070707070707072,
    0.08080808080808081,
    0.09090909090909091,
    0.10101010101010102,
    0.11111111111111112,
    0.12121212121212122,
    0.13131313131313133,
    0.14141414141414144,
    0.15151515151515152,
    0.16161616161616163,
    0.17171717171717174,
    0.18181818181818182,
    0.19191919191919193,
    0.20202020202020204,
    0.21212121212121213,
    0.22222222222222224,
    0.23232323232323235,
    0.24242424242424243,
    0.25252525252525254,
    0.26262626262626265,
    0.27272727272727276,
    0.2828282828282829,
    0.29292929292929293,
    0.30303030303030304,
    0.31313131313131315,
    0.32323232323232326,
    0.33333333333333337,
    0.3434343434343435,
    0.3535353535353536,
    0.36363636363636365,
    0.37373737373737376,
    0.38383838383838387,
    0.393939393939394,
    0.4040404040404041,
    0.4141414141414142,
    0.42424242424242425,
    0.43434343434343436,
    0.4444444444444445,
    0.4545454545454546,
    0.4646464646464647,
    0.4747474747474748,
    0.48484848484848486,
    0.494949494949495,
    0.5050505050505051,
    0.5151515151515152,
    0.5252525252525253,
    0.5353535353535354,
    0.5454545454545455,
    0.5555555555555556,
    0.5656565656565657,
    0.5757575757575758,
    0.5858585858585859,
    0.595959595959596,
    0.6060606060606061,
    0.6161616161616162,
    0.6262626262626263,
    0.6363636363636365,
    0.6464646464646465,
    0.6565656565656566,
    0.6666666666666667,
    0.6767676767676768,
    0.686868686868687,
    0.696969696969697,
    0.7070707070707072,
    0.7171717171717172,
    0.7272727272727273,
    0.7373737373737375,
    0.7474747474747475,
    0.7575757575757577,
    0.7676767676767677,
    0.7777777777777778,
    0.787878787878788,
    0.797979797979798,
    0.8080808080808082,
    0.8181818181818182,
    0.8282828282828284,
    0.8383838383838385,
    0.8484848484848485,
    0.8585858585858587,
    0.8686868686868687,
    0.8787878787878789,
    0.888888888888889,
    0.8989898989898991,
    0.9090909090909092,
    0.9191919191919192,
    0.9292929292929294,
    0.9393939393939394,
    0.9494949494949496,
    0.9595959595959597,
    0.9696969696969697,
    0.9797979797979799,
    0.98989898989899,
    1.0
  ],
  "sizes": [
    20,
    40
  ],
  "seed": 2768880501800724225,
  "num_samples": 100000,
  "before_claw_free": [
    [
      1.0,
      0.98341,
      0.89207,
      0.72366,
      0.52487,
      0.33563,
      0.19895,
      0.10651,
      0.05166,
      0.02391,
      0.01065,
      0.00374,
      0.00143,
      0.00068,
      0.00015,
      0.00004,
      0.00004,
      0.00001,
      0.0,
      0.00001,
      0.0,
      0.0,
      0.0,
      0.0,
      0.0,
      0.0,
      0.0,
      0.0,
      0.0,
      0.0,
      0.0,
      0.0,
      0.0,
      0.0,
      0.0,
      0.0,
      0.0,
      0.0,
      0.0,
      0.0,
      0.0,
      0.0,
      0.0,
      0.0,
      0.0,
      0.0,
      0.0,
      0.0,
      0.0,
      0.0,
      0.0,
      0.0,
      0.0,
      0.0,
      0.0,
      0.0,
      0.0,
      0.0,
      0.0,
      0.0,
      0.0,
      0.0,
      0.0,
      0.0,
      0.0,
      0.0,
      0.0,
      0.0,
      0.0,
      0.0,
      0.0,
      0.0,
      0.00002,
      0.00003,
      0.00004,
      0.00018,
      0.00026,
      0.00072,
      0.00169,
      0.00334,
      0.00629,
      0.01168,
      0.02104,
      0.03602,
      0.06162,
      0.09349,
      0.1432,
      0.20453,
      0.2862,
      0.37577,
      0.48039,
      0.58947,
      0.69869,
      0.79055,
      0.86939,
      0.93049,
      0.96915,
      0.99049,
      0.99891,
      1.0
    ],
    [
      1.0,
      0.76792,
      0.22716,
      0.02518,
      0.0014,
      0.00003,
      0.0,
      0.0,
      0.0,
      0.0,
      0.0,
      0.0,
      0.0,
      0.0,
      0.0,
      0.0,
      0.0,
      0.0,
      0.0,
      0.0,
      0.0,
      0.0,
      0.0,
      0.0,
      0.0,
      0.0,
      0.0,
      0.0,
      0.0,
      0.0,
      0.0,
      0.0,
      0.0,
      0.0,
      0.0,
      0.0,
      0.0,
      0.0,
      0.0,
      0.0,
      0.0,
      0.0,
      0.0,
      0.0,
      0.0,
      0.0,
      0.0,
      0.0,
      0.0,
      0.0,
      0.0,
      0.0,
      0.0,
      0.0,
      0.0,
      0.0,
      0.0,
      0.0,
      0.0,
      0.0,
      0.0,
      0.0,
      0.0,
      0.0,
      0.0,
      0.0,
      0.0,
      0.0,
      0.0,
      0.0,
      0.0,
      0.0,
      0.0,
      0.0,
      0.0,
      0.0,
      0.0,
      0.0,
      0.0,
      0.0,
      0.0,
      0.0,
      0.0,
      0.0,
      0.0,
      0.00001,
      0.0,
      0.00002,
      0.0001,
      0.0009,
      0.00417,
      0.01733,
      0.05874,
      0.15306,
      0.32232,
      0.54559,
      0.76976,
      0.92275,
      0.99014,
      1.0
    ]
  ],
  "after_claw_free": [
    [
      1.0,
      0.99891,
      0.97992,
      0.90557,
      0.76697,
      0.57898,
      0.39624,
      0.24499,
      0.13531,
      0.07062,
      0.03349,
      0.01434,
      0.0058,
      0.00242,
      0.00079,
      0.00036,
      0.00011,
      0.00003,
      0.00001,
      0.00001,
      0.0,
      0.0,
      0.0,
      0.0,
      0.0,
      0.0,
      0.0,
      0.0,
      0.0,
      0.0,
      0.0,
      0.0,
      0.0,
      0.0,
      0.0,
      0.0,
      0.0,
      0.0,
      0.0,
      0.0,
      0.0,
      0.0,
      0.0,
      0.0,
      0.0,
      0.0,
      0.0,
      0.0,
      0.0,
      0.0,
      0.0,
      0.0,
      0.0,
      0.0,
      0.0,
      0.0,
      0.0,
      0.0,
      0.0,
      0.0,
      0.0,
      0.0,
      0.0,
      0.0,
      0.0,
      0.0,
      0.0,
      0.0,
      0.0,
      0.0,
      0.0,
      0.0,
      0.00002,
      0.00004,
      0.00005,
      0.00022,
      0.00027,
      0.00078,
      0.00181,
      0.00367,
      0.0069,
      0.01298,
      0.02358,
      0.04056,
      0.06897,
      0.10582,
      0.16216,
      0.23271,
      0.32516,
      0.42555,
      0.54017,
      0.65535,
      0.76811,
      0.85508,
      0.92241,
      0.96754,
      0.9901,
      0.9982,
      0.99995,
      1.0
    ],
    [
      1.0,
      0.94421,
      0.49623,
      0.09923,
      0.00845,
      0.00038,
      0.0,
      0.0,
      0.0,
      0.0,
      0.0,
      0.0,
      0.0,
      0.0,
      0.0,
      0.0,
      0.0,
      0.0,
      0.0,
      0.0,
      0.0,
      0.0,
      0.0,
      0.0,
      0.0,
      0.0,
      0.0,
      0.0,
      0.0,
      0.0,
      0.0,
      0.0,
      0.0,
      0.0,
      0.0,
      0.0,
      0.0,
      0.0,
      0.0,
      0.0,
      0.0,
      0.0,
      0.0,
      0.0,
      0.0,
      0.0,
      0.0,
      0.0,
      0.0,
      0.0,
      0.0,
      0.0,
      0.0,
      0.0,
      0.0,
      0.0,
      0.0,
      0.0,
      0.0,
      0.0,
      0.0,
      0.0,
      0.0,
      0.0,
      0.0,
      0.0,
      0.0,
      0.0,
      0.0,
      0.0,
      0.0,
      0.0,
      0.0,
      0.0,
      0.0,
      0.0,
      0.0,
      0.0,
      0.0,
      0.0,
      0.0,
      0.0,
      0.0,
      0.0,
      0.0,
      0.00001,
      0.0,
      0.00002,
      0.0001,
      0.00093,
      0.00435,
      0.01832,
      0.06278,
      0.16604,
      0.35315,
      0.59694,
      0.82619,
      0.95979,
      0.99769,
      1.0
    ]
  ],