{
  "scf": [
    0.0,
    0.0,
    0.0,
    0.0,
    0.0,
    18225.0,
    172692.0,
    750546.0,
    2011068.0,
    3771657.0,
    5303340.0,
    5831460.0,
    5138883.0,
    3670731.0,
    2130057.0,
    999297.0,
    374409.0,
    109629.0,
    24210.0,
    3798.0,
    378.0,
    18.0,
    0.0,
    0.0,
    0.0,
    0.0,
    0.0,
    0.0,
    0.0,
    0.0,
    0.0,
    0.0,
    0.0,
    0.0,
    0.0,
    0.0,
    0.0,
    0.0,
    0.0,
    0.0,
    0.0,
    0.0,
    0.0,
    0.0,
    0.0
  ],
  "dscf": [
    0.0,
    0.0,
    0.0,
    0.0,
    0.0,
    2592.0,
    45360.0,
    292896.0,
    1008936.0,
    2252502.0,
    3606822.0,
    4378320.0,
    4162806.0,
    3156516.0,
    1921644.0,
    936576.0,
    361206.0,
    107892.0,
    24102.0,
    3798.0,
    378.0,
    18.0,
    0.0,
    0.0,
    0.0,
    0.0,
    0.0,
    0.0,
    0.0,
    0.0,
    0.0,
    0.0,
    0.0,
    0.0,
    0.0,
    0.0,
    0.0,
    0.0,
    0.0,
    0.0,
    0.0,
    0.0,
    0.0,
    0.0,
    0.0
  ],
  "collapsed": [
    0.0,
    0.0,
    0.0,
    0.0,
    0.0,
    17101.80000000328,
    164938.95000008098,
    715416.3964294597,
    1911751.7785778418,
    3593863.124763717,
    5090175.524864786,
    5646095.693151367,
    5010604.343155798,
    3594859.387486157,
    2091183.0761466313,
    982539.8554728271,
    368543.3142857585,
    108014.25992671789,
    23873.485294108323,
    3748.013157895016,
    373.27500000000254,
    17.785714285714278,
    0.0,
    0.0,
    0.0,
    0.0,
    0.0,
    0.0,
    0.0,
    0.0,
    0.0,
    0.0,
    0.0,
    0.0,
    0.0,
    0.0,
    0.0,
    0.0,
    0.0,
    0.0,
    0.0,
    0.0,
    0.0,
    0.0,
    0.0
  ]
}