{
  "densities": [
    0.0,
    1.0,
    2.0,
    3.0,
    4.0,
    5.0,
    6.0,
    7.0,
    8.0,
    9.0,
    10.0,
    11.0,
    12.0,
    13.0,
    14.0,
    15.0,
    16.0
  ],
  "sizes": [
    5,
    30
  ],
  "seed": 2899884647162249365,
  "num_samples": 50000,
  "before_claw_free": [
    [
      1.0,
      1.0,
      1.0,
      1.0,
      0.9387,
      0.75512,
      0.47124,
      0.21072,
      0.0656,
      0.01184,
      0.00148,
      0.00008,
      0.0,
      0.0,
      0.0,
      0.0,
      0.0
    ],
    [
      1.0,
      1.0,
      1.0,
      1.0,
      0.93592,
      0.75276,
      0.46548,
      0.20588,
      0.05898,
      0.01134,
      0.00124,
      0.00016,
      0.0,
      0.0,
      0.0,
      0.0,
      0.0
    ]
  ],
  "after_claw_free": [
    [
      1.0,
      1.0,
      1.0,
      1.0,
      1.0,
      1.0,
      0.8206,
      0.45182,
      0.15704,
      0.0332,
      0.00442,
      0.00034,
      0.00002,
      0.0,
      0.0,
      0.0,
      0.0
    ],
    [
      1.0,
      1.0,
      1.0,
      1.0,
      1.0,
      1.0,
      0.81984,
      0.4496,
      0.15044,
      0.0303,
      0.00336,
      0.00032,
      0.0,
      0.0,
      0.0,
      0.0,
      0.0
    ]
  ],
  "before_simplicial": [
    [
      1.0,
      1.0,
      1.0,
      1.0,
      0.9387,
      0.75512,
      0.47124,
      0.21054,
      0.06506,
      0.01118,
      0.00114,
      0.00006,
      0.0,
      0.0,
      0.0,
      0.0,
      0.0
    ],
    [
      1.0,
      1.0,
      1.0,
      1.0,
      0.93592,
      0.75276,
      0.46548,
      0.20554,
      0.0584,
      0.01082,
      0.00108,
      0.00008,
      0.0,
      0.0,
      0.0,
      0.0,
      0.0
    ]
  ],
  "after_simplicial": [
    [
      1.0,
      1.0,
      1.0,
      1.0,
      1.0,
      1.0,
      0.8206,
      0.4517,
      0.15656,
      0.0325,
      0.00402,
      0.00028,
      0.00002,
      0.0,
      0.0,
      0.0,
      0.0
    ],
    [
      1.0,
      1.0,
      1.0,
      1.0,
      1.0,
      1.0,
      0.81984,
      0.44934,
      0.14982,
      0.02978,
      0.00316,
      0.00024,
      0.0,
      0.0,
      0.0,
      0.0,
      0.0
    ]
  ],
  "collapsed": [
    [
      0.0,
      0.0,
      0.24895,
      0.5205466666666702,
      0.6936233333333321,
      0.7806263333333252,
      0.6590293333333345,
      0.3648675714285703,
      0.14046811904761905,
      0.04734936507936517,
      0.018911611111111105,
      0.009651191919191922,
      0.005161181818181817,
      0.0027441958041958055,
      0.0014024175824175822,
      0.0008042051282051286,
      0.0
    ],
    [
      0.0,
      0.0,
      0.2507,
      0.5197533333333367,
      0.6942416666666654,
      0.7812063333333251,
      0.6578660000000011,
      0.36340009523809425,
      0.13671778571428572,
      0.04591345238095248,
      0.019164277777777777,
      0.0100998585858586,
      0.005384393939393936,
      0.0028507692307692322,
      0.0015890109890109893,
      0.0008227619047619049,
      0.0
    ]
  ]
}