{
  "densities": [
    0.0,
    1.0,
    2.0,
    3.0,
    4.0,
    5.0,
    6.0,
    7.0,
    8.0,
    9.0,
    10.0,
    11.0,
    12.0,
    13.0,
    14.0,
    15.0,
    16.0
  ],
  "sizes": [
    5,
    30
  ],
  "seed": 15466326320913096728,
  "num_samples": 50000,
  "before_claw_free": [
    [
      1.0,
      1.0,
      1.0,
      1.0,
      0.93892,
      0.75186,
      0.47224,
      0.2092,
      0.06322,
      0.012,
      0.00168,
      0.0001,
      0.0,
      0.0,
      0.0,
      0.0,
      0.0
    ],
    [
      1.0,
      1.0,
      1.0,
      1.0,
      0.93618,
      0.75226,
      0.46148,
      0.20648,
      0.05848,
      0.01042,
      0.0011,
      0.00006,
      0.0,
      0.0,
      0.0,
      0.0,
      0.0
    ]
  ],
  "after_claw_free": [
    [
      1.0,
      1.0,
      1.0,
      1.0,
      1.0,
      1.0,
      0.81978,
      0.45634,
      0.15776,
      0.03422,
      0.00488,
      0.00028,
      0.00008,
      0.0,
      0.0,
      0.0,
      0.0
    ],
    [
      1.0,
      1.0,
      1.0,
      1.0,
      1.0,
      1.0,
      0.81678,
      0.44832,
      0.14928,
      0.03048,
      0.00336,
      0.00028,
      0.0,
      0.0,
      0.0,
      0.0,
      0.0
    ]
  ],
  "before_simplicial": [
    [
      1.0,
      1.0,
      1.0,
      1.0,
      0.93892,
      0.75186,
      0.47224,
      0.20896,
      0.06278,
      0.01134,
      0.0015,
      0.0001,
      0.0,
      0.0,
      0.0,
      0.0,
      0.0
    ],
    [
      1.0,
      1.0,
      1.0,
      1.0,
      0.93618,
      0.75226,
      0.46148,
      0.20606,
      0.05796,
      0.00992,
      0.00092,
      0.00002,
      0.0,
      0.0,
      0.0,
      0.0,
      0.0
    ]
  ],
  "after_simplicial": [
    [
      1.0,
      1.0,
      1.0,
      1.0,
      1.0,
      1.0,
      0.81978,
      0.45618,
      0.15738,
      0.03352,
      0.0047,
      0.00028,
      0.00006,
      0.0,
      0.0,
      0.0,
      0.0
    ],
    [
      1.0,
      1.0,
      1.0,
      1.0,
      1.0,
      1.0,
      0.81678,
      0.44812,
      0.14876,
      0.02984,
      0.00318,
      0.00024,
      0.0,
      0.0,
      0.0,
      0.0,
      0.0
    ]
  ],
  "collapsed": [
    [
      0.0,
      0.0,
      0.24849,
      0.5196000000000036,
      0.6933433333333321,
      0.7809063333333257,
      0.6584696666666677,
      0.3688397619047607,
      0.14113623809523806,
      0.04833555555555569,
      0.019517388888888886,
      0.009827353535353541,
      0.004917757575757577,
      0.002791689976689978,
      0.001509505494505494,
      0.0008608571428571426,
      0.0
    ],
    [
      0.0,
      0.0,
      0.25218,
      0.5234033333333367,
      0.6944366666666657,
      0.7807469999999919,
      0.6561583333333343,
      0.3617407619047608,
      0.13459847619047619,
      0.045840833333333414,
      0.01901105555555555,
      0.009916585858585866,
      0.005494242424242422,
      0.0029524358974358997,
      0.0015676923076923075,
      0.0008933333333333333,
      0.0
    ]
  ]
}