{
  "densities": [
    0.0,
    1.0,
    2.0,
    3.0,
    4.0,
    5.0,
    6.0,
    7.0,
    8.0,
    9.0,
    10.0,
    11.0,
    12.0,
    13.0,
    14.0,
    15.0,
    16.0
  ],
  "sizes": [
    5,
    30
  ],
  "seed": 6480418786817440843,
  "num_samples": 10000,
  "before_claw_free": [
    [
      1.0,
      1.0,
      1.0,
      1.0,
      0.9381,
      0.7488,
      0.4731,
      0.2134,
      0.0622,
      0.0125,
      0.002,
      0.0002,
      0.0,
      0.0,
      0.0,
      0.0,
      0.0
    ],
    [
      1.0,
      1.0,
      1.0,
      1.0,
      0.9376,
      0.7587,
      0.4607,
      0.2046,
      0.0563,
      0.0112,
      0.0015,
      0.0002,
      0.0,
      0.0,
      0.0,
      0.0,
      0.0
    ]
  ],
  "after_claw_free": [
    [
      1.0,
      1.0,
      1.0,
      1.0,
      1.0,
      1.0,
      0.8032,
      0.4219,
      0.1391,
      0.0288,
      0.0045,
      0.0006,
      0.0001,
      0.0,
      0.0,
      0.0,
      0.0
    ],
    [
      1.0,
      1.0,
      1.0,
      1.0,
      1.0,
      1.0,
      0.7965,
      0.4148,
      0.1319,
      0.0262,
      0.0027,
      0.0002,
      0.0,
      0.0,
      0.0,
      0.0,
      0.0
    ]
  ],
  "before_simplicial": [
    [
      1.0,
      1.0,
      1.0,
      1.0,
      0.9381,
      0.7488,
      0.4731,
      0.2129,
      0.0616,
      0.0116,
      0.0016,
      0.0001,
      0.0,
      0.0,
      0.0,
      0.0,
      0.0
    ],
    [
      1.0,
      1.0,
      1.0,
      1.0,
      0.9376,
      0.7587,
      0.4607,
      0.2044,
      0.0559,
      0.0106,
      0.0012,
      0.0002,
      0.0,
      0.0,
      0.0,
      0.0,
      0.0
    ]
  ],
  "after_simplicial": [
    [
      1.0,
      1.0,
      1.0,
      1.0,
      1.0,
      1.0,
      0.8032,
      0.4217,
      0.1386,
      0.0277,
      0.0038,
      0.0005,
      0.0001,
      0.0,
      0.0,
      0.0,
      0.0
    ],
    [
      1.0,
      1.0,
      1.0,
      1.0,
      1.0,
      1.0,
      0.7965,
      0.4147,
      0.1315,
      0.0256,
      0.0024,
      0.0002,
      0.0,
      0.0,
      0.0,
      0.0,
      0.0
    ]
  ],
  "collapsed": [
    [
      0.0,
      0.0,
      0.24795,
      0.5226000000000033,
      0.6947249999999987,
      0.6288266666666654,
      0.37403833333333375,
      0.1627771428571426,
      0.0681125,
      0.03350615079365074,
      0.017699166666666655,
      0.009358282828282834,
      0.0054934848484848465,
      0.002780769230769231,
      0.0015912087912087907,
      0.0006738095238095238,
      0.0
    ],
    [
      0.0,
      0.0,
      0.2519,
      0.5174666666666701,
      0.6945833333333323,
      0.6279633333333321,
      0.37533833333333366,
      0.16595047619047595,
      0.0701095238095238,
      0.03430476190476187,
      0.018276666666666653,
      0.010083636363636373,
      0.005521212121212119,
      0.002723717948717949,
      0.0015219780219780216,
      0.0008071428571428571,
      0.0
    ]
  ]
}