{
  "densities": [
    0.0,
    1.0,
    2.0,
    3.0,
    4.0,
    5.0,
    6.0,
    7.0,
    8.0,
    9.0,
    10.0,
    11.0,
    12.0,
    13.0,
    14.0,
    15.0,
    16.0
  ],
  "sizes": [
    5,
    30
  ],
  "seed": 3497943127404409514,
  "num_samples": 50000,
  "before_claw_free": [
    [
      1.0,
      1.0,
      1.0,
      1.0,
      0.93906,
      0.7529,
      0.47566,
      0.20662,
      0.06292,
      0.01228,
      0.00162,
      0.00022,
      0.00002,
      0.0,
      0.0,
      0.0,
      0.0
    ],
    [
      1.0,
      1.0,
      1.0,
      1.0,
      0.9368,
      0.74742,
      0.4667,
      0.20396,
      0.06048,
      0.01076,
      0.0012,
      0.00004,
      0.0,
      0.0,
      0.0,
      0.0,
      0.0
    ]
  ],
  "after_claw_free": [
    [
      1.0,
      1.0,
      1.0,
      1.0,
      1.0,
      1.0,
      0.82004,
      0.45048,
      0.15404,
      0.0337,
      0.0044,
      0.00082,
      0.00008,
      0.0,
      0.0,
      0.0,
      0.0
    ],
    [
      1.0,
      1.0,
      1.0,
      1.0,
      1.0,
      1.0,
      0.815,
      0.44968,
      0.15108,
      0.02968,
      0.00356,
      0.00022,
      0.00002,
      0.0,
      0.0,
      0.0,
      0.0
    ]
  ],
  "before_simplicial": [
    [
      1.0,
      1.0,
      1.0,
      1.0,
      0.93906,
      0.7529,
      0.47566,
      0.2063,
      0.06228,
      0.01182,
      0.00154,
      0.00014,
      0.0,
      0.0,
      0.0,
      0.0,
      0.0
    ],
    [
      1.0,
      1.0,
      1.0,
      1.0,
      0.9368,
      0.74742,
      0.4667,
      0.2036,
      0.06016,
      0.01026,
      0.00102,
      0.00002,
      0.0,
      0.0,
      0.0,
      0.0,
      0.0
    ]
  ],
  "after_simplicial": [
    [
      1.0,
      1.0,
      1.0,
      1.0,
      1.0,
      1.0,
      0.82004,
      0.45026,
      0.15346,
      0.03322,
      0.00422,
      0.0007,
      0.00006,
      0.0,
      0.0,
      0.0,
      0.0
    ],
    [
      1.0,
      1.0,
      1.0,
      1.0,
      1.0,
      1.0,
      0.815,
      0.44942,
      0.15076,
      0.0291,
      0.00332,
      0.00018,
      0.00002,
      0.0,
      0.0,
      0.0,
      0.0
    ]
  ],
  "collapsed": [
    [
      0.0,
      0.0,
      0.24859,
      0.5208933333333369,
      0.694519999999999,
      0.780873999999992,
      0.6582173333333344,
      0.36283023809523685,
      0.1383045238095238,
      0.0473550000000001,
      0.019139833333333325,
      0.010122787878787886,
      0.005315303030303029,
      0.0027833333333333343,
      0.0015286996336996337,
      0.000806952380952381,
      0.0
    ],
    [
      0.0,
      0.0,
      0.25165,
      0.5193600000000035,
      0.6933133333333321,
      0.7810309999999919,
      0.6536950000000009,
      0.363764476190475,
      0.13662147619047618,
      0.04479123015873024,
      0.018808055555555547,
      0.009856949494949502,
      0.005422121212121211,
      0.002970769230769232,
      0.0015504395604395598,
      0.0009000952380952382,
      0.0
    ]
  ]
}