{
  "densities": [
    0.0,
    1.0,
    2.0,
    3.0,
    4.0,
    5.0,
    6.0,
    7.0,
    8.0,
    9.0,
    10.0,
    11.0,
    12.0,
    13.0,
    14.0,
    15.0,
    16.0
  ],
  "sizes": [
    5,
    30
  ],
  "seed": 202422137588158239,
  "num_samples": 50000,
  "before_claw_free": [
    [
      1.0,
      1.0,
      1.0,
      1.0,
      0.94024,
      0.75444,
      0.47396,
      0.21116,
      0.06446,
      0.01262,
      0.00164,
      0.00016,
      0.0,
      0.0,
      0.0,
      0.0,
      0.0
    ],
    [
      1.0,
      1.0,
      1.0,
      1.0,
      0.93752,
      0.75066,
      0.4691,
      0.20254,
      0.05826,
      0.01116,
      0.00128,
      0.00006,
      0.0,
      0.0,
      0.0,
      0.0,
      0.0
    ]
  ],
  "after_claw_free": [
    [
      1.0,
      1.0,
      1.0,
      1.0,
      1.0,
      1.0,
      0.82252,
      0.45146,
      0.15912,
      0.03468,
      0.00428,
      0.00068,
      0.00008,
      0.0,
      0.0,
      0.0,
      0.0
    ],
    [
      1.0,
      1.0,
      1.0,
      1.0,
      1.0,
      1.0,
      0.81934,
      0.44864,
      0.14852,
      0.02964,
      0.0035,
      0.00026,
      0.0,
      0.0,
      0.0,
      0.0,
      0.0
    ]
  ],
  "before_simplicial": [
    [
      1.0,
      1.0,
      1.0,
      1.0,
      0.94024,
      0.75444,
      0.47396,
      0.21074,
      0.06404,
      0.012,
      0.00142,
      0.0001,
      0.0,
      0.0,
      0.0,
      0.0,
      0.0
    ],
    [
      1.0,
      1.0,
      1.0,
      1.0,
      0.93752,
      0.75066,
      0.4691,
      0.20222,
      0.05776,
      0.01056,
      0.00096,
      0.00006,
      0.0,
      0.0,
      0.0,
      0.0,
      0.0
    ]
  ],
  "after_simplicial": [
    [
      1.0,
      1.0,
      1.0,
      1.0,
      1.0,
      1.0,
      0.82252,
      0.4512,
      0.15866,
      0.034,
      0.00406,
      0.0006,
      0.00006,
      0.0,
      0.0,
      0.0,
      0.0
    ],
    [
      1.0,
      1.0,
      1.0,
      1.0,
      1.0,
      1.0,
      0.81934,
      0.44848,
      0.14808,
      0.02906,
      0.00314,
      0.00024,
      0.0,
      0.0,
      0.0,
      0.0,
      0.0
    ]
  ],
  "collapsed": [
    [
      0.0,
      0.0,
      0.24947,
      0.5218533333333367,
      0.6944349999999988,
      0.7809619999999917,
      0.6608410000000011,
      0.36429104761904635,
      0.14216328571428571,
      0.04792404761904771,
      0.019298285714285712,
      0.009811393939393948,
      0.00529390909090909,
      0.002782692307692309,
      0.0015529670329670318,
      0.0007976190476190478,
      0.0
    ],
    [
      0.0,
      0.0,
      0.25044,
      0.5206833333333366,
      0.6937949999999992,
      0.7809056666666585,
      0.6568093333333345,
      0.3634447142857131,
      0.13459716666666674,
      0.04518357142857153,
      0.01911411111111111,
      0.00996971717171718,
      0.005374545454545454,
      0.002945897435897437,
      0.001664505494505494,
      0.0008508571428571428,
      0.0
    ]
  ]
}