{
  "densities": [
    0.0,
    1.0,
    2.0,
    3.0,
    4.0,
    5.0,
    6.0,
    7.0,
    8.0,
    9.0,
    10.0,
    11.0,
    12.0,
    13.0,
    14.0,
    15.0,
    16.0
  ],
  "sizes": [
    5,
    30
  ],
  "seed": 15146569922707177352,
  "num_samples": 50000,
  "before_claw_free": [
    [
      1.0,
      1.0,
      1.0,
      1.0,
      0.93706,
      0.75288,
      0.4727,
      0.20864,
      0.06238,
      0.0119,
      0.00176,
      0.0002,
      0.0,
      0.0,
      0.0,
      0.0,
      0.0
    ],
    [
      1.0,
      1.0,
      1.0,
      1.0,
      0.9375,
      0.7478,
      0.46436,
      0.20322,
      0.05864,
      0.01048,
      0.00132,
      0.00012,
      0.0,
      0.0,
      0.0,
      0.0,
      0.0
    ]
  ],
  "after_claw_free": [
    [
      1.0,
      1.0,
      1.0,
      1.0,
      1.0,
      1.0,
      0.81986,
      0.45358,
      0.15532,
      0.0325,
      0.00548,
      0.00054,
      0.00002,
      0.0,
      0.0,
      0.0,
      0.0
    ],
    [
      1.0,
      1.0,
      1.0,
      1.0,
      1.0,
      1.0,
      0.81872,
      0.44722,
      0.15104,
      0.02966,
      0.00358,
      0.0002,
      0.0,
      0.0,
      0.0,
      0.0,
      0.0
    ]
  ],
  "before_simplicial": [
    [
      1.0,
      1.0,
      1.0,
      1.0,
      0.93706,
      0.75288,
      0.4727,
      0.20834,
      0.06178,
      0.01126,
      0.00156,
      0.00012,
      0.0,
      0.0,
      0.0,
      0.0,
      0.0
    ],
    [
      1.0,
      1.0,
      1.0,
      1.0,
      0.9375,
      0.7478,
      0.46436,
      0.20304,
      0.05806,
      0.01,
      0.00118,
      0.00006,
      0.0,
      0.0,
      0.0,
      0.0,
      0.0
    ]
  ],
  "after_simplicial": [
    [
      1.0,
      1.0,
      1.0,
      1.0,
      1.0,
      1.0,
      0.81986,
      0.45338,
      0.15476,
      0.03174,
      0.00528,
      0.00042,
      0.00002,
      0.0,
      0.0,
      0.0,
      0.0
    ],
    [
      1.0,
      1.0,
      1.0,
      1.0,
      1.0,
      1.0,
      0.81872,
      0.44708,
      0.1506,
      0.02918,
      0.00342,
      0.00012,
      0.0,
      0.0,
      0.0,
      0.0,
      0.0
    ]
  ],
  "collapsed": [
    [
      0.0,
      0.0,
      0.25121,
      0.5208333333333365,
      0.6952683333333322,
      0.7809436666666587,
      0.6587386666666676,
      0.36606619047618927,
      0.13899030952380953,
      0.04694544444444454,
      0.019778166666666663,
      0.009800767676767682,
      0.005160636363636363,
      0.0027247668997669007,
      0.0014779120879120883,
      0.0007980952380952382,
      0.0
    ],
    [
      0.0,
      0.0,
      0.24928,
      0.5203966666666702,
      0.6940533333333323,
      0.780779999999992,
      0.6564436666666678,
      0.3616206666666655,
      0.1364958333333334,
      0.04554253968253978,
      0.019495777777777775,
      0.010097535353535362,
      0.005350909090909089,
      0.0030729487179487194,
      0.0015859340659340657,
      0.0008534285714285716,
      0.0
    ]
  ]
}