{
  "densities": [
    0.0,
    1.0,
    2.0,
    3.0,
    4.0,
    5.0,
    6.0,
    7.0,
    8.0,
    9.0,
    10.0,
    11.0,
    12.0,
    13.0,
    14.0,
    15.0,
    16.0
  ],
  "sizes": [
    5,
    30
  ],
  "seed": 18330836954154482130,
  "num_samples": 10000,
  "before_claw_free": [
    [
      1.0,
      1.0,
      1.0,
      1.0,
      0.9378,
      0.751,
      0.4744,
      0.2156,
      0.0654,
      0.0118,
      0.0021,
      0.0001,
      0.0001,
      0.0,
      0.0,
      0.0,
      0.0
    ],
    [
      1.0,
      1.0,
      1.0,
      1.0,
      0.9361,
      0.757,
      0.4644,
      0.2085,
      0.0583,
      0.0105,
      0.0009,
      0.0003,
      0.0,
      0.0,
      0.0,
      0.0,
      0.0
    ]
  ],
  "after_claw_free": [
    [
      1.0,
      1.0,
      1.0,
      1.0,
      1.0,
      1.0,
      0.7939,
      0.427,
      0.1402,
      0.0315,
      0.0052,
      0.0005,
      0.0001,
      0.0,
      0.0,
      0.0,
      0.0
    ],
    [
      1.0,
      1.0,
      1.0,
      1.0,
      1.0,
      1.0,
      0.7941,
      0.4174,
      0.1366,
      0.0253,
      0.004,
      0.0004,
      0.0,
      0.0,
      0.0,
      0.0,
      0.0
    ]
  ],
  "before_simplicial": [
    [
      1.0,
      1.0,
      1.0,
      1.0,
      0.9378,
      0.751,
      0.4744,
      0.2154,
      0.065,
      0.0112,
      0.0017,
      0.0001,
      0.0001,
      0.0,
      0.0,
      0.0,
      0.0
    ],
    [
      1.0,
      1.0,
      1.0,
      1.0,
      0.9361,
      0.757,
      0.4644,
      0.2082,
      0.0574,
      0.0104,
      0.0008,
      0.0002,
      0.0,
      0.0,
      0.0,
      0.0,
      0.0
    ]
  ],
  "after_simplicial": [
    [
      1.0,
      1.0,
      1.0,
      1.0,
      1.0,
      1.0,
      0.7939,
      0.4268,
      0.1398,
      0.0309,
      0.0048,
      0.0005,
      0.0001,
      0.0,
      0.0,
      0.0,
      0.0
    ],
    [
      1.0,
      1.0,
      1.0,
      1.0,
      1.0,
      1.0,
      0.7941,
      0.4171,
      0.1357,
      0.0252,
      0.0038,
      0.0003,
      0.0,
      0.0,
      0.0,
      0.0,
      0.0
    ]
  ],
  "collapsed": [
    [
      0.0,
      0.0,
      0.247,
      0.5211833333333369,
      0.6935166666666656,
      0.6297399999999989,
      0.37215333333333367,
      0.16601571428571404,
      0.07171690476190476,
      0.034182738095238065,
      0.0179311111111111,
      0.009350606060606064,
      0.004750757575757576,
      0.0027328088578088584,
      0.0014269230769230765,
      0.0007504761904761904,
      0.0
    ],
    [
      0.0,
      0.0,
      0.2492,
      0.52251666666667,
      0.6935499999999988,
      0.6272883333333322,
      0.37399833333333365,
      0.16436928571428544,
      0.07062380952380955,
      0.03365396825396821,
      0.018687777777777772,
      0.009409090909090914,
      0.005312878787878787,
      0.0029474358974358986,
      0.0015571428571428565,
      0.0009404761904761905,
      0.0
    ]
  ]
}