{
  "densities": [
    0.0,
    1.0,
    2.0,
    3.0,
    4.0,
    5.0,
    6.0,
    7.0,
    8.0,
    9.0,
    10.0,
    11.0,
    12.0,
    13.0,
    14.0,
    15.0,
    16.0
  ],
  "sizes": [
    5,
    30
  ],
  "seed": 1523155393157147866,
  "num_samples": 50000,
  "before_claw_free": [
    [
      1.0,
      1.0,
      1.0,
      1.0,
      0.9385,
      0.75334,
      0.47374,
      0.21056,
      0.06362,
      0.01286,
      0.00162,
      0.00024,
      0.00002,
      0.0,
      0.0,
      0.0,
      0.0
    ],
    [
      1.0,
      1.0,
      1.0,
      1.0,
      0.93674,
      0.75024,
      0.46446,
      0.202,
      0.06064,
      0.01114,
      0.00108,
      0.0002,
      0.00002,
      0.0,
      0.0,
      0.0,
      0.0
    ]
  ],
  "after_claw_free": [
    [
      1.0,
      1.0,
      1.0,
      1.0,
      1.0,
      1.0,
      0.82064,
      0.4567,
      0.15538,
      0.03418,
      0.00462,
      0.00052,
      0.00004,
      0.0,
      0.0,
      0.0,
      0.0
    ],
    [
      1.0,
      1.0,
      1.0,
      1.0,
      1.0,
      1.0,
      0.8174,
      0.44942,
      0.15382,
      0.0305,
      0.0031,
      0.0004,
      0.00002,
      0.0,
      0.0,
      0.0,
      0.0
    ]
  ],
  "before_simplicial": [
    [
      1.0,
      1.0,
      1.0,
      1.0,
      0.9385,
      0.75334,
      0.47374,
      0.21016,
      0.0631,
      0.01248,
      0.0014,
      0.00014,
      0.0,
      0.0,
      0.0,
      0.0,
      0.0
    ],
    [
      1.0,
      1.0,
      1.0,
      1.0,
      0.93674,
      0.75024,
      0.46446,
      0.2017,
      0.06016,
      0.01048,
      0.00096,
      0.00012,
      0.0,
      0.0,
      0.0,
      0.0,
      0.0
    ]
  ],
  "after_simplicial": [
    [
      1.0,
      1.0,
      1.0,
      1.0,
      1.0,
      1.0,
      0.82064,
      0.45644,
      0.1549,
      0.03374,
      0.00438,
      0.0004,
      0.00002,
      0.0,
      0.0,
      0.0,
      0.0
    ],
    [
      1.0,
      1.0,
      1.0,
      1.0,
      1.0,
      1.0,
      0.8174,
      0.4493,
      0.1534,
      0.02982,
      0.00294,
      0.0003,
      0.0,
      0.0,
      0.0,
      0.0,
      0.0
    ]
  ],
  "collapsed": [
    [
      0.0,
      0.0,
      0.24876,
      0.5193033333333369,
      0.6942749999999991,
      0.7808539999999916,
      0.6582296666666676,
      0.36813123809523685,
      0.1384956666666667,
      0.04795706349206359,
      0.01955044444444445,
      0.00960913131313132,
      0.0052002121212121185,
      0.002773333333333334,
      0.0014185714285714281,
      0.0008582857142857141,
      0.0
    ],
    [
      0.0,
      0.0,
      0.24986,
      0.5198366666666702,
      0.6941016666666657,
      0.7812213333333252,
      0.6562206666666678,
      0.3627199523809513,
      0.13823038095238102,
      0.04577809523809533,
      0.01900930952380952,
      0.0098569090909091,
      0.005324696969696969,
      0.0030320512820512834,
      0.001547472527472527,
      0.0008586666666666668,
      0.0
    ]
  ]
}