{
  "densities": [
    0.0,
    1.0,
    2.0,
    3.0,
    4.0,
    5.0,
    6.0,
    7.0,
    8.0,
    9.0,
    10.0,
    11.0,
    12.0,
    13.0,
    14.0,
    15.0,
    16.0
  ],
  "sizes": [
    5,
    30
  ],
  "seed": 12156496097641780524,
  "num_samples": 10000,
  "before_claw_free": [
    [
      1.0,
      1.0,
      1.0,
      1.0,
      0.9402,
      0.7541,
      0.4694,
      0.2096,
      0.0636,
      0.0118,
      0.0017,
      0.0001,
      0.0,
      0.0,
      0.0,
      0.0,
      0.0
    ],
    [
      1.0,
      1.0,
      1.0,
      1.0,
      0.9394,
      0.7514,
      0.4746,
      0.2102,
      0.0599,
      0.0097,
      0.0018,
      0.0,
      0.0,
      0.0,
      0.0,
      0.0,
      0.0
    ]
  ],
  "after_claw_free": [
    [
      1.0,
      1.0,
      1.0,
      1.0,
      1.0,
      1.0,
      0.7903,
      0.4172,
      0.1396,
      0.0302,
      0.004,
      0.0004,
      0.0,
      0.0,
      0.0,
      0.0,
      0.0
    ],
    [
      1.0,
      1.0,
      1.0,
      1.0,
      1.0,
      1.0,
      0.7948,
      0.4178,
      0.1362,
      0.0246,
      0.0041,
      0.0001,
      0.0,
      0.0,
      0.0,
      0.0,
      0.0
    ]
  ],
  "before_simplicial": [
    [
      1.0,
      1.0,
      1.0,
      1.0,
      0.9402,
      0.7541,
      0.4694,
      0.2095,
      0.0628,
      0.011,
      0.0015,
      0.0001,
      0.0,
      0.0,
      0.0,
      0.0,
      0.0
    ],
    [
      1.0,
      1.0,
      1.0,
      1.0,
      0.9394,
      0.7514,
      0.4746,
      0.2098,
      0.059,
      0.0095,
      0.0015,
      0.0,
      0.0,
      0.0,
      0.0,
      0.0,
      0.0
    ]
  ],
  "after_simplicial": [
    [
      1.0,
      1.0,
      1.0,
      1.0,
      1.0,
      1.0,
      0.7903,
      0.4171,
      0.1387,
      0.0294,
      0.0037,
      0.0004,
      0.0,
      0.0,
      0.0,
      0.0,
      0.0
    ],
    [
      1.0,
      1.0,
      1.0,
      1.0,
      1.0,
      1.0,
      0.7948,
      0.4175,
      0.1353,
      0.0243,
      0.0036,
      0.0001,
      0.0,
      0.0,
      0.0,
      0.0,
      0.0
    ]
  ],
  "collapsed": [
    [
      0.0,
      0.0,
      0.2535,
      0.5206333333333367,
      0.6923583333333323,
      0.630549999999999,
      0.3709150000000002,
      0.15968476190476166,
      0.07061571428571428,
      0.033893888888888855,
      0.01748944444444443,
      0.009660909090909097,
      0.005190909090909089,
      0.003000641025641027,
      0.0015056776556776554,
      0.0008300000000000001,
      0.0
    ],
    [
      0.0,
      0.0,
      0.2508,
      0.5193666666666702,
      0.6952916666666656,
      0.6259783333333323,
      0.37898000000000026,
      0.16556428571428544,
      0.07079011904761906,
      0.03568869047619046,
      0.018124444444444433,
      0.010030000000000008,
      0.005865151515151512,
      0.00326346153846154,
      0.0016999999999999997,
      0.0009666666666666666,
      0.0
    ]
  ]
}