{
  "densities": [
    0.0,
    1.0,
    2.0,
    3.0,
    4.0,
    5.0,
    6.0,
    7.0,
    8.0,
    9.0,
    10.0,
    11.0,
    12.0,
    13.0,
    14.0,
    15.0,
    16.0
  ],
  "sizes": [
    5,
    30
  ],
  "seed": 11594337736279505042,
  "num_samples": 50000,
  "before_claw_free": [
    [
      1.0,
      1.0,
      1.0,
      1.0,
      0.93794,
      0.75568,
      0.47048,
      0.20958,
      0.06284,
      0.0119,
      0.00158,
      0.00006,
      0.0,
      0.0,
      0.0,
      0.0,
      0.0
    ],
    [
      1.0,
      1.0,
      1.0,
      1.0,
      0.93876,
      0.75008,
      0.46658,
      0.20398,
      0.05946,
      0.01062,
      0.00126,
      0.00018,
      0.0,
      0.0,
      0.0,
      0.0,
      0.0
    ]
  ],
  "after_claw_free": [
    [
      1.0,
      1.0,
      1.0,
      1.0,
      1.0,
      1.0,
      0.81784,
      0.45186,
      0.15716,
      0.03208,
      0.00502,
      0.00048,
      0.00002,
      0.0,
      0.0,
      0.0,
      0.0
    ],
    [
      1.0,
      1.0,
      1.0,
      1.0,
      1.0,
      1.0,
      0.81964,
      0.44892,
      0.1519,
      0.03036,
      0.00348,
      0.00034,
      0.00002,
      0.0,
      0.0,
      0.0,
      0.0
    ]
  ],
  "before_simplicial": [
    [
      1.0,
      1.0,
      1.0,
      1.0,
      0.93794,
      0.75568,
      0.47048,
      0.2094,
      0.0624,
      0.01128,
      0.00146,
      0.00006,
      0.0,
      0.0,
      0.0,
      0.0,
      0.0
    ],
    [
      1.0,
      1.0,
      1.0,
      1.0,
      0.93876,
      0.75008,
      0.46658,
      0.20372,
      0.0589,
      0.0103,
      0.001,
      0.0001,
      0.0,
      0.0,
      0.0,
      0.0,
      0.0
    ]
  ],
  "after_simplicial": [
    [
      1.0,
      1.0,
      1.0,
      1.0,
      1.0,
      1.0,
      0.81784,
      0.45178,
      0.15672,
      0.03136,
      0.00486,
      0.00044,
      0.00002,
      0.0,
      0.0,
      0.0,
      0.0
    ],
    [
      1.0,
      1.0,
      1.0,
      1.0,
      1.0,
      1.0,
      0.81964,
      0.4488,
      0.15144,
      0.02996,
      0.00318,
      0.00026,
      0.00002,
      0.0,
      0.0,
      0.0,
      0.0
    ]
  ],
  "collapsed": [
    [
      0.0,
      0.0,
      0.24979,
      0.52144666666667,
      0.6942799999999988,
      0.7807106666666587,
      0.6560726666666675,
      0.3657226666666655,
      0.14113376190476193,
      0.046389246031746115,
      0.020304722222222234,
      0.009767494949494953,
      0.005039393939393939,
      0.0028371794871794877,
      0.0015482783882783883,
      0.0007989523809523811,
      0.0
    ],
    [
      0.0,
      0.0,
      0.25173,
      0.5229866666666702,
      0.6934633333333323,
      0.7806846666666586,
      0.6569630000000009,
      0.3630506190476179,
      0.1371567380952381,
      0.046777261904762,
      0.018939222222222222,
      0.009977818181818188,
      0.005357272727272726,
      0.002856794871794873,
      0.0015675824175824167,
      0.0008373333333333338,
      0.0
    ]
  ]
}