{
  "densities": [
    0.0,
    1.0,
    2.0,
    3.0,
    4.0,
    5.0,
    6.0,
    7.0,
    8.0,
    9.0,
    10.0,
    11.0,
    12.0,
    13.0,
    14.0,
    15.0,
    16.0
  ],
  "sizes": [
    5,
    30
  ],
  "seed": 5716034683985375952,
  "num_samples": 50000,
  "before_claw_free": [
    [
      1.0,
      1.0,
      1.0,
      1.0,
      0.93858,
      0.75388,
      0.4709,
      0.21114,
      0.0635,
      0.01284,
      0.00178,
      0.00008,
      0.00002,
      0.0,
      0.0,
      0.0,
      0.0
    ],
    [
      1.0,
      1.0,
      1.0,
      1.0,
      0.93776,
      0.75066,
      0.45952,
      0.20608,
      0.05916,
      0.01098,
      0.00122,
      0.0001,
      0.0,
      0.0,
      0.0,
      0.0,
      0.0
    ]
  ],
  "after_claw_free": [
    [
      1.0,
      1.0,
      1.0,
      1.0,
      1.0,
      1.0,
      0.82134,
      0.4559,
      0.1571,
      0.03488,
      0.00494,
      0.00038,
      0.00004,
      0.0,
      0.0,
      0.0,
      0.0
    ],
    [
      1.0,
      1.0,
      1.0,
      1.0,
      1.0,
      1.0,
      0.81526,
      0.44856,
      0.15156,
      0.03066,
      0.0034,
      0.00022,
      0.0,
      0.0,
      0.0,
      0.0,
      0.0
    ]
  ],
  "before_simplicial": [
    [
      1.0,
      1.0,
      1.0,
      1.0,
      0.93858,
      0.75388,
      0.4709,
      0.21082,
      0.06292,
      0.01236,
      0.00152,
      0.00006,
      0.0,
      0.0,
      0.0,
      0.0,
      0.0
    ],
    [
      1.0,
      1.0,
      1.0,
      1.0,
      0.93776,
      0.75066,
      0.45952,
      0.20562,
      0.05854,
      0.01038,
      0.00108,
      0.0001,
      0.0,
      0.0,
      0.0,
      0.0,
      0.0
    ]
  ],
  "after_simplicial": [
    [
      1.0,
      1.0,
      1.0,
      1.0,
      1.0,
      1.0,
      0.82134,
      0.45572,
      0.15666,
      0.03438,
      0.00466,
      0.00034,
      0.00002,
      0.0,
      0.0,
      0.0,
      0.0
    ],
    [
      1.0,
      1.0,
      1.0,
      1.0,
      1.0,
      1.0,
      0.81526,
      0.4483,
      0.15104,
      0.02998,
      0.00326,
      0.00022,
      0.0,
      0.0,
      0.0,
      0.0,
      0.0
    ]
  ],
  "collapsed": [
    [
      0.0,
      0.0,
      0.24939,
      0.5198666666666703,
      0.6947316666666657,
      0.7809023333333253,
      0.6592493333333342,
      0.3686681428571415,
      0.1399229523809524,
      0.04855789682539692,
      0.019482333333333334,
      0.009381575757575759,
      0.005213121212121211,
      0.002757459207459209,
      0.0015145054945054938,
      0.0008255238095238095,
      0.0
    ],
    [
      0.0,
      0.0,
      0.25084,
      0.5199200000000034,
      0.694629999999999,
      0.7812049999999918,
      0.6552666666666676,
      0.3615298095238083,
      0.1362310238095238,
      0.04640464285714296,
      0.01919722222222222,
      0.009981272727272736,
      0.005490484848484846,
      0.0028719230769230775,
      0.00159967032967033,
      0.0008415238095238095,
      0.0
    ]
  ]
}