{
  "densities": [
    0.0,
    1.0,
    2.0,
    3.0,
    4.0,
    5.0,
    6.0,
    7.0,
    8.0,
    9.0,
    10.0,
    11.0,
    12.0,
    13.0,
    14.0,
    15.0,
    16.0
  ],
  "sizes": [
    5,
    30
  ],
  "seed": 7899961039397354371,
  "num_samples": 50000,
  "before_claw_free": [
    [
      1.0,
      1.0,
      1.0,
      1.0,
      0.93894,
      0.75294,
      0.46886,
      0.21234,
      0.0623,
      0.01274,
      0.00154,
      0.00004,
      0.0,
      0.0,
      0.0,
      0.0,
      0.0
    ],
    [
      1.0,
      1.0,
      1.0,
      1.0,
      0.9377,
      0.75054,
      0.46662,
      0.2099,
      0.06038,
      0.01108,
      0.00122,
      0.00012,
      0.00002,
      0.0,
      0.0,
      0.0,
      0.0
    ]
  ],
  "after_claw_free": [
    [
      1.0,
      1.0,
      1.0,
      1.0,
      1.0,
      1.0,
      0.82038,
      0.45344,
      0.1542,
      0.03436,
      0.005,
      0.0004,
      0.00002,
      0.0,
      0.0,
      0.0,
      0.0
    ],
    [
      1.0,
      1.0,
      1.0,
      1.0,
      1.0,
      1.0,
      0.81824,
      0.45264,
      0.14968,
      0.03088,
      0.00328,
      0.00024,
      0.00002,
      0.0,
      0.0,
      0.0,
      0.0
    ]
  ],
  "before_simplicial": [
    [
      1.0,
      1.0,
      1.0,
      1.0,
      0.93894,
      0.75294,
      0.46886,
      0.21212,
      0.0618,
      0.0123,
      0.00134,
      0.00004,
      0.0,
      0.0,
      0.0,
      0.0,
      0.0
    ],
    [
      1.0,
      1.0,
      1.0,
      1.0,
      0.9377,
      0.75054,
      0.46662,
      0.20952,
      0.05986,
      0.01058,
      0.00102,
      0.00006,
      0.0,
      0.0,
      0.0,
      0.0,
      0.0
    ]
  ],
  "after_simplicial": [
    [
      1.0,
      1.0,
      1.0,
      1.0,
      1.0,
      1.0,
      0.82038,
      0.45334,
      0.15372,
      0.03386,
      0.00474,
      0.00038,
      0.00002,
      0.0,
      0.0,
      0.0,
      0.0
    ],
    [
      1.0,
      1.0,
      1.0,
      1.0,
      1.0,
      1.0,
      0.81824,
      0.45244,
      0.14916,
      0.03034,
      0.00302,
      0.00018,
      0.0,
      0.0,
      0.0,
      0.0,
      0.0
    ]
  ],
  "collapsed": [
    [
      0.0,
      0.0,
      0.25107,
      0.5219966666666701,
      0.6940749999999989,
      0.7812853333333251,
      0.6580643333333344,
      0.36491304761904647,
      0.1388224761904762,
      0.04795210317460327,
      0.019735333333333337,
      0.009937070707070715,
      0.005086727272727273,
      0.00280378787878788,
      0.0014819780219780209,
      0.0007992380952380953,
      0.0
    ],
    [
      0.0,
      0.0,
      0.25033,
      0.5227033333333366,
      0.6942166666666657,
      0.7806743333333255,
      0.6563286666666679,
      0.36511709523809377,
      0.1346059761904762,
      0.0459345238095239,
      0.019247365079365076,
      0.010153818181818193,
      0.005320151515151513,
      0.0028992307692307703,
      0.0016759340659340657,
      0.0007893333333333335,
      0.0
    ]
  ]
}