{
  "densities": [
    0.0,
    1.0,
    2.0,
    3.0,
    4.0,
    5.0,
    6.0,
    7.0,
    8.0,
    9.0,
    10.0,
    11.0,
    12.0,
    13.0,
    14.0,
    15.0,
    16.0
  ],
  "sizes": [
    5,
    30
  ],
  "seed": 11600710479621293064,
  "num_samples": 10000,
  "before_claw_free": [
    [
      1.0,
      1.0,
      1.0,
      1.0,
      0.9366,
      0.759,
      0.4723,
      0.2082,
      0.0614,
      0.0109,
      0.0022,
      0.0,
      0.0,
      0.0,
      0.0,
      0.0,
      0.0
    ],
    [
      1.0,
      1.0,
      1.0,
      1.0,
      0.9386,
      0.7475,
      0.4701,
      0.2086,
      0.0597,
      0.0094,
      0.0012,
      0.0001,
      0.0,
      0.0,
      0.0,
      0.0,
      0.0
    ]
  ],
  "after_claw_free": [
    [
      1.0,
      1.0,
      1.0,
      1.0,
      1.0,
      1.0,
      0.7974,
      0.4152,
      0.139,
      0.0293,
      0.0049,
      0.0005,
      0.0,
      0.0,
      0.0,
      0.0,
      0.0
    ],
    [
      1.0,
      1.0,
      1.0,
      1.0,
      1.0,
      1.0,
      0.797,
      0.4221,
      0.1383,
      0.0248,
      0.0029,
      0.0002,
      0.0,
      0.0,
      0.0,
      0.0,
      0.0
    ]
  ],
  "before_simplicial": [
    [
      1.0,
      1.0,
      1.0,
      1.0,
      0.9366,
      0.759,
      0.4723,
      0.2078,
      0.0608,
      0.0107,
      0.0018,
      0.0,
      0.0,
      0.0,
      0.0,
      0.0,
      0.0
    ],
    [
      1.0,
      1.0,
      1.0,
      1.0,
      0.9386,
      0.7475,
      0.4701,
      0.2084,
      0.059,
      0.0091,
      0.001,
      0.0001,
      0.0,
      0.0,
      0.0,
      0.0,
      0.0
    ]
  ],
  "after_simplicial": [
    [
      1.0,
      1.0,
      1.0,
      1.0,
      1.0,
      1.0,
      0.7974,
      0.4151,
      0.1384,
      0.029,
      0.0044,
      0.0004,
      0.0,
      0.0,
      0.0,
      0.0,
      0.0
    ],
    [
      1.0,
      1.0,
      1.0,
      1.0,
      1.0,
      1.0,
      0.797,
      0.4219,
      0.1375,
      0.0244,
      0.0027,
      0.0001,
      0.0,
      0.0,
      0.0,
      0.0,
      0.0
    ]
  ],
  "collapsed": [
    [
      0.0,
      0.0,
      0.252,
      0.5195833333333368,
      0.6942833333333323,
      0.6290183333333322,
      0.37249166666666694,
      0.16046023809523785,
      0.07079666666666667,
      0.03270476190476185,
      0.01787333333333331,
      0.009494545454545459,
      0.005240454545454544,
      0.002547668997668998,
      0.0013549450549450548,
      0.0007638095238095238,
      0.0
    ],
    [
      0.0,
      0.0,
      0.248,
      0.5193333333333366,
      0.6953666666666656,
      0.6309349999999988,
      0.3741583333333336,
      0.16755976190476163,
      0.06981369047619049,
      0.03292222222222216,
      0.018212222222222206,
      0.00994000000000001,
      0.005114393939393938,
      0.002848076923076924,
      0.001628571428571428,
      0.0010133333333333333,
      0.0
    ]
  ]
}