{
  "densities": [
    0.0,
    1.0,
    2.0,
    3.0,
    4.0,
    5.0,
    6.0,
    7.0,
    8.0,
    9.0,
    10.0,
    11.0,
    12.0,
    13.0,
    14.0,
    15.0,
    16.0
  ],
  "sizes": [
    5,
    30
  ],
  "seed": 14035090840712944782,
  "num_samples": 10000,
  "before_claw_free": [
    [
      1.0,
      1.0,
      1.0,
      1.0,
      0.9379,
      0.758,
      0.4817,
      0.2093,
      0.0652,
      0.0121,
      0.002,
      0.0006,
      0.0001,
      0.0,
      0.0,
      0.0,
      0.0
    ],
    [
      1.0,
      1.0,
      1.0,
      1.0,
      0.9339,
      0.7542,
      0.4633,
      0.2016,
      0.0631,
      0.0114,
      0.0013,
      0.0,
      0.0,
      0.0,
      0.0,
      0.0,
      0.0
    ]
  ],
  "after_claw_free": [
    [
      1.0,
      1.0,
      1.0,
      1.0,
      1.0,
      1.0,
      0.7941,
      0.4242,
      0.1444,
      0.0277,
      0.0045,
      0.0014,
      0.0002,
      0.0,
      0.0,
      0.0,
      0.0
    ],
    [
      1.0,
      1.0,
      1.0,
      1.0,
      1.0,
      1.0,
      0.8002,
      0.4148,
      0.1416,
      0.0283,
      0.0031,
      0.0003,
      0.0,
      0.0,
      0.0,
      0.0,
      0.0
    ]
  ],
  "before_simplicial": [
    [
      1.0,
      1.0,
      1.0,
      1.0,
      0.9379,
      0.758,
      0.4817,
      0.2089,
      0.0647,
      0.0117,
      0.0017,
      0.0003,
      0.0001,
      0.0,
      0.0,
      0.0,
      0.0
    ],
    [
      1.0,
      1.0,
      1.0,
      1.0,
      0.9339,
      0.7542,
      0.4633,
      0.2016,
      0.0628,
      0.0113,
      0.0011,
      0.0,
      0.0,
      0.0,
      0.0,
      0.0,
      0.0
    ]
  ],
  "after_simplicial": [
    [
      1.0,
      1.0,
      1.0,
      1.0,
      1.0,
      1.0,
      0.7941,
      0.4241,
      0.1438,
      0.0273,
      0.0041,
      0.001,
      0.0002,
      0.0,
      0.0,
      0.0,
      0.0
    ],
    [
      1.0,
      1.0,
      1.0,
      1.0,
      1.0,
      1.0,
      0.8002,
      0.4148,
      0.1413,
      0.0282,
      0.0029,
      0.0003,
      0.0,
      0.0,
      0.0,
      0.0,
      0.0
    ]
  ],
  "collapsed": [
    [
      0.0,
      0.0,
      0.2465,
      0.5207333333333367,
      0.6947666666666655,
      0.6307249999999989,
      0.36882000000000037,
      0.1668114285714284,
      0.06935880952380952,
      0.03281031746031741,
      0.018919166666666657,
      0.009354545454545457,
      0.005153181818181816,
      0.0028403846153846166,
      0.0016219780219780214,
      0.0006942857142857143,
      0.0
    ],
    [
      0.0,
      0.0,
      0.24995,
      0.5201166666666701,
      0.6949749999999991,
      0.6249266666666656,
      0.3753933333333335,
      0.16540523809523783,
      0.07045559523809525,
      0.035537896825396806,
      0.01805222222222221,
      0.010002727272727281,
      0.005746969696969693,
      0.0028775641025641035,
      0.001493406593406593,
      0.0010204761904761904,
      0.0
    ]
  ]
}