{
  "densities": [
    0.0,
    1.0,
    2.0,
    3.0,
    4.0,
    5.0,
    6.0,
    7.0,
    8.0,
    9.0,
    10.0,
    11.0,
    12.0,
    13.0,
    14.0,
    15.0,
    16.0
  ],
  "sizes": [
    5,
    30
  ],
  "seed": 748029431150039910,
  "num_samples": 50000,
  "before_claw_free": [
    [
      1.0,
      1.0,
      1.0,
      1.0,
      0.93942,
      0.75478,
      0.47312,
      0.21328,
      0.06378,
      0.01256,
      0.00162,
      0.00008,
      0.00002,
      0.0,
      0.0,
      0.0,
      0.0
    ],
    [
      1.0,
      1.0,
      1.0,
      1.0,
      0.9375,
      0.75094,
      0.46636,
      0.20526,
      0.05892,
      0.00996,
      0.00146,
      0.00018,
      0.00002,
      0.0,
      0.0,
      0.0,
      0.0
    ]
  ],
  "after_claw_free": [
    [
      1.0,
      1.0,
      1.0,
      1.0,
      1.0,
      1.0,
      0.82112,
      0.45438,
      0.1548,
      0.03376,
      0.00484,
      0.00026,
      0.00006,
      0.0,
      0.0,
      0.0,
      0.0
    ],
    [
      1.0,
      1.0,
      1.0,
      1.0,
      1.0,
      1.0,
      0.82014,
      0.44792,
      0.1499,
      0.02932,
      0.00366,
      0.00032,
      0.00004,
      0.0,
      0.0,
      0.0,
      0.0
    ]
  ],
  "before_simplicial": [
    [
      1.0,
      1.0,
      1.0,
      1.0,
      0.93942,
      0.75478,
      0.47312,
      0.21306,
      0.0632,
      0.01208,
      0.00136,
      0.00006,
      0.0,
      0.0,
      0.0,
      0.0,
      0.0
    ],
    [
      1.0,
      1.0,
      1.0,
      1.0,
      0.9375,
      0.75094,
      0.46636,
      0.20498,
      0.05836,
      0.0094,
      0.00116,
      0.0001,
      0.0,
      0.0,
      0.0,
      0.0,
      0.0
    ]
  ],
  "after_simplicial": [
    [
      1.0,
      1.0,
      1.0,
      1.0,
      1.0,
      1.0,
      0.82112,
      0.45418,
      0.15424,
      0.03328,
      0.00454,
      0.00024,
      0.00004,
      0.0,
      0.0,
      0.0,
      0.0
    ],
    [
      1.0,
      1.0,
      1.0,
      1.0,
      1.0,
      1.0,
      0.82014,
      0.44776,
      0.14938,
      0.02872,
      0.00334,
      0.00022,
      0.00002,
      0.0,
      0.0,
      0.0,
      0.0
    ]
  ],
  "collapsed": [
    [
      0.0,
      0.0,
      0.24848,
      0.5201600000000036,
      0.6944483333333321,
      0.7805569999999921,
      0.6597600000000011,
      0.3654519047619035,
      0.13910680952380952,
      0.04730313492063504,
      0.019273222222222212,
      0.009664404040404048,
      0.005133242424242424,
      0.002814895104895106,
      0.0014274725274725268,
      0.0008045714285714284,
      0.0
    ],
    [
      0.0,
      0.0,
      0.24946,
      0.5230733333333367,
      0.6940999999999989,
      0.7810369999999919,
      0.6588350000000013,
      0.3625140476190465,
      0.1346617619047619,
      0.04564103174603183,
      0.019263722222222213,
      0.009824080808080815,
      0.005448787878787875,
      0.00303794871794872,
      0.001507362637362637,
      0.0008387619047619045,
      0.0
    ]
  ]
}