{
  "densities": [
    0.0,
    1.0,
    2.0,
    3.0,
    4.0,
    5.0,
    6.0,
    7.0,
    8.0,
    9.0,
    10.0,
    11.0,
    12.0,
    13.0,
    14.0,
    15.0,
    16.0
  ],
  "sizes": [
    5,
    30
  ],
  "seed": 1251524774712668074,
  "num_samples": 50000,
  "before_claw_free": [
    [
      1.0,
      1.0,
      1.0,
      1.0,
      0.93704,
      0.75628,
      0.46786,
      0.21282,
      0.06278,
      0.01238,
      0.00182,
      0.0001,
      0.0,
      0.0,
      0.0,
      0.0,
      0.0
    ],
    [
      1.0,
      1.0,
      1.0,
      1.0,
      0.93904,
      0.75248,
      0.4659,
      0.20862,
      0.06018,
      0.0103,
      0.00114,
      0.00012,
      0.0,
      0.0,
      0.0,
      0.0,
      0.0
    ]
  ],
  "after_claw_free": [
    [
      1.0,
      1.0,
      1.0,
      1.0,
      1.0,
      1.0,
      0.8154,
      0.4556,
      0.15802,
      0.03354,
      0.0052,
      0.00034,
      0.0,
      0.0,
      0.0,
      0.0,
      0.0
    ],
    [
      1.0,
      1.0,
      1.0,
      1.0,
      1.0,
      1.0,
      0.81762,
      0.45002,
      0.15198,
      0.0299,
      0.00354,
      0.0003,
      0.0,
      0.0,
      0.0,
      0.0,
      0.0
    ]
  ],
  "before_simplicial": [
    [
      1.0,
      1.0,
      1.0,
      1.0,
      0.93704,
      0.75628,
      0.46786,
      0.21254,
      0.06244,
      0.0118,
      0.00166,
      0.00006,
      0.0,
      0.0,
      0.0,
      0.0,
      0.0
    ],
    [
      1.0,
      1.0,
      1.0,
      1.0,
      0.93904,
      0.75248,
      0.4659,
      0.20834,
      0.0596,
      0.00988,
      0.0009,
      0.0001,
      0.0,
      0.0,
      0.0,
      0.0,
      0.0
    ]
  ],
  "after_simplicial": [
    [
      1.0,
      1.0,
      1.0,
      1.0,
      1.0,
      1.0,
      0.8154,
      0.45542,
      0.15772,
      0.0329,
      0.00498,
      0.0003,
      0.0,
      0.0,
      0.0,
      0.0,
      0.0
    ],
    [
      1.0,
      1.0,
      1.0,
      1.0,
      1.0,
      1.0,
      0.81762,
      0.44982,
      0.15148,
      0.0294,
      0.00324,
      0.00022,
      0.0,
      0.0,
      0.0,
      0.0,
      0.0
    ]
  ],
  "collapsed": [
    [
      0.0,
      0.0,
      0.24859,
      0.5211066666666699,
      0.6951066666666655,
      0.7810689999999919,
      0.654201000000001,
      0.3673757142857129,
      0.14165309523809533,
      0.04754563492063504,
      0.020019111111111113,
      0.009489979797979803,
      0.005029727272727272,
      0.0027017948717948724,
      0.0014849633699633696,
      0.000802095238095238,
      0.0
    ],
    [
      0.0,
      0.0,
      0.25121,
      0.5218833333333368,
      0.6938266666666658,
      0.7808033333333253,
      0.6566630000000009,
      0.36293480952380835,
      0.1364624761904762,
      0.04562301587301594,
      0.01924675396825397,
      0.010027454545454556,
      0.00536893939393939,
      0.0029535897435897453,
      0.0016599999999999994,
      0.0008706666666666667,
      0.0
    ]
  ]
}