{
  "densities": [
    0.0,
    1.0,
    2.0,
    3.0,
    4.0,
    5.0,
    6.0,
    7.0,
    8.0,
    9.0,
    10.0,
    11.0,
    12.0,
    13.0,
    14.0,
    15.0,
    16.0
  ],
  "sizes": [
    5,
    30
  ],
  "seed": 15835901160878399952,
  "num_samples": 50000,
  "before_claw_free": [
    [
      1.0,
      1.0,
      1.0,
      1.0,
      0.93816,
      0.75366,
      0.46866,
      0.21356,
      0.06234,
      0.01304,
      0.00186,
      0.00016,
      0.0,
      0.0,
      0.0,
      0.0,
      0.0
    ],
    [
      1.0,
      1.0,
      1.0,
      1.0,
      0.93656,
      0.75186,
      0.46696,
      0.20398,
      0.06058,
      0.01112,
      0.00134,
      0.00006,
      0.0,
      0.0,
      0.0,
      0.0,
      0.0
    ]
  ],
  "after_claw_free": [
    [
      1.0,
      1.0,
      1.0,
      1.0,
      1.0,
      1.0,
      0.82006,
      0.45544,
      0.15456,
      0.03456,
      0.00526,
      0.00054,
      0.00006,
      0.0,
      0.0,
      0.0,
      0.0
    ],
    [
      1.0,
      1.0,
      1.0,
      1.0,
      1.0,
      1.0,
      0.81836,
      0.44882,
      0.15146,
      0.03046,
      0.00366,
      0.00018,
      0.0,
      0.0,
      0.0,
      0.0,
      0.0
    ]
  ],
  "before_simplicial": [
    [
      1.0,
      1.0,
      1.0,
      1.0,
      0.93816,
      0.75366,
      0.46866,
      0.21334,
      0.06178,
      0.01246,
      0.00144,
      0.00008,
      0.0,
      0.0,
      0.0,
      0.0,
      0.0
    ],
    [
      1.0,
      1.0,
      1.0,
      1.0,
      0.93656,
      0.75186,
      0.46696,
      0.20368,
      0.05998,
      0.01054,
      0.00106,
      0.00004,
      0.0,
      0.0,
      0.0,
      0.0,
      0.0
    ]
  ],
  "after_simplicial": [
    [
      1.0,
      1.0,
      1.0,
      1.0,
      1.0,
      1.0,
      0.82006,
      0.45528,
      0.15404,
      0.03392,
      0.00482,
      0.00042,
      0.00006,
      0.0,
      0.0,
      0.0,
      0.0
    ],
    [
      1.0,
      1.0,
      1.0,
      1.0,
      1.0,
      1.0,
      0.81836,
      0.4487,
      0.1509,
      0.02982,
      0.00334,
      0.00016,
      0.0,
      0.0,
      0.0,
      0.0,
      0.0
    ]
  ],
  "collapsed": [
    [
      0.0,
      0.0,
      0.24903,
      0.5211733333333368,
      0.6946916666666657,
      0.7809319999999919,
      0.6590956666666676,
      0.36705395238095107,
      0.13878192857142863,
      0.047343690476190574,
      0.019647444444444447,
      0.009626626262626267,
      0.00504969696969697,
      0.00270974358974359,
      0.00157010989010989,
      0.0007795238095238096,
      0.0
    ],
    [
      0.0,
      0.0,
      0.24853,
      0.5211000000000034,
      0.6941916666666655,
      0.7813473333333251,
      0.656341000000001,
      0.3618081904761893,
      0.1372849047619048,
      0.0462078968253969,
      0.01930542063492063,
      0.010096909090909099,
      0.005418333333333331,
      0.00288871794871795,
      0.001570439560439561,
      0.0008600952380952383,
      0.0
    ]
  ]
}