{
  "densities": [
    0.0,
    1.0,
    2.0,
    3.0,
    4.0,
    5.0,
    6.0,
    7.0,
    8.0,
    9.0,
    10.0,
    11.0,
    12.0,
    13.0,
    14.0,
    15.0,
    16.0
  ],
  "sizes": [
    5,
    30
  ],
  "seed": 13695020479990421946,
  "num_samples": 50000,
  "before_claw_free": [
    [
      1.0,
      1.0,
      1.0,
      1.0,
      0.93924,
      0.75454,
      0.4731,
      0.21084,
      0.0611,
      0.0119,
      0.00164,
      0.00026,
      0.0,
      0.0,
      0.0,
      0.0,
      0.0
    ],
    [
      1.0,
      1.0,
      1.0,
      1.0,
      0.93746,
      0.75098,
      0.46558,
      0.20532,
      0.05806,
      0.01064,
      0.00118,
      0.00006,
      0.0,
      0.0,
      0.0,
      0.0,
      0.0
    ]
  ],
  "after_claw_free": [
    [
      1.0,
      1.0,
      1.0,
      1.0,
      1.0,
      1.0,
      0.82234,
      0.45422,
      0.15356,
      0.03344,
      0.00488,
      0.00062,
      0.0,
      0.0,
      0.0,
      0.0,
      0.0
    ],
    [
      1.0,
      1.0,
      1.0,
      1.0,
      1.0,
      1.0,
      0.8156,
      0.44834,
      0.14874,
      0.03006,
      0.0034,
      0.00018,
      0.0,
      0.0,
      0.0,
      0.0,
      0.0
    ]
  ],
  "before_simplicial": [
    [
      1.0,
      1.0,
      1.0,
      1.0,
      0.93924,
      0.75454,
      0.4731,
      0.21052,
      0.06062,
      0.01142,
      0.00136,
      0.00016,
      0.0,
      0.0,
      0.0,
      0.0,
      0.0
    ],
    [
      1.0,
      1.0,
      1.0,
      1.0,
      0.93746,
      0.75098,
      0.46558,
      0.205,
      0.05766,
      0.01016,
      0.00106,
      0.00004,
      0.0,
      0.0,
      0.0,
      0.0,
      0.0
    ]
  ],
  "after_simplicial": [
    [
      1.0,
      1.0,
      1.0,
      1.0,
      1.0,
      1.0,
      0.82234,
      0.454,
      0.15312,
      0.03294,
      0.00458,
      0.00052,
      0.0,
      0.0,
      0.0,
      0.0,
      0.0
    ],
    [
      1.0,
      1.0,
      1.0,
      1.0,
      1.0,
      1.0,
      0.8156,
      0.44816,
      0.14834,
      0.0295,
      0.00326,
      0.00014,
      0.0,
      0.0,
      0.0,
      0.0,
      0.0
    ]
  ],
  "collapsed": [
    [
      0.0,
      0.0,
      0.25006,
      0.5215966666666703,
      0.6936383333333322,
      0.781191999999992,
      0.6600586666666676,
      0.36820880952380824,
      0.13746850000000005,
      0.04744166666666677,
      0.0195775,
      0.00989062121212122,
      0.005073242424242421,
      0.002852179487179487,
      0.001521996336996336,
      0.000814952380952381,
      0.0
    ],
    [
      0.0,
      0.0,
      0.24868,
      0.52013666666667,
      0.6943083333333323,
      0.7809193333333249,
      0.6546280000000009,
      0.3607824285714274,
      0.13366807142857148,
      0.045945436507936595,
      0.019196999999999995,
      0.009988222222222232,
      0.005494696969696966,
      0.0029342307692307693,
      0.0016462637362637364,
      0.0008389523809523809,
      0.0
    ]
  ]
}