{
  "densities": [
    0.0,
    1.0,
    2.0,
    3.0,
    4.0,
    5.0,
    6.0,
    7.0,
    8.0,
    9.0,
    10.0,
    11.0,
    12.0,
    13.0,
    14.0,
    15.0,
    16.0
  ],
  "sizes": [
    5,
    30
  ],
  "seed": 1092347329108724449,
  "num_samples": 10000,
  "before_claw_free": [
    [
      1.0,
      1.0,
      1.0,
      1.0,
      0.9326,
      0.7526,
      0.4763,
      0.2055,
      0.0673,
      0.0141,
      0.0013,
      0.0,
      0.0,
      0.0,
      0.0,
      0.0,
      0.0
    ],
    [
      1.0,
      1.0,
      1.0,
      1.0,
      0.935,
      0.7514,
      0.4666,
      0.2023,
      0.0627,
      0.0098,
      0.002,
      0.0001,
      0.0,
      0.0,
      0.0,
      0.0,
      0.0
    ]
  ],
  "after_claw_free": [
    [
      1.0,
      1.0,
      1.0,
      1.0,
      1.0,
      1.0,
      0.7985,
      0.4203,
      0.1445,
      0.0323,
      0.0036,
      0.0004,
      0.0,
      0.0,
      0.0,
      0.0,
      0.0
    ],
    [
      1.0,
      1.0,
      1.0,
      1.0,
      1.0,
      1.0,
      0.7997,
      0.4161,
      0.1394,
      0.0271,
      0.0037,
      0.0001,
      0.0,
      0.0,
      0.0,
      0.0,
      0.0
    ]
  ],
  "before_simplicial": [
    [
      1.0,
      1.0,
      1.0,
      1.0,
      0.9326,
      0.7526,
      0.4763,
      0.2054,
      0.0666,
      0.0135,
      0.001,
      0.0,
      0.0,
      0.0,
      0.0,
      0.0,
      0.0
    ],
    [
      1.0,
      1.0,
      1.0,
      1.0,
      0.935,
      0.7514,
      0.4666,
      0.2019,
      0.0616,
      0.0095,
      0.0016,
      0.0001,
      0.0,
      0.0,
      0.0,
      0.0,
      0.0
    ]
  ],
  "after_simplicial": [
    [
      1.0,
      1.0,
      1.0,
      1.0,
      1.0,
      1.0,
      0.7985,
      0.4203,
      0.1438,
      0.0317,
      0.0033,
      0.0004,
      0.0,
      0.0,
      0.0,
      0.0,
      0.0
    ],
    [
      1.0,
      1.0,
      1.0,
      1.0,
      1.0,
      1.0,
      0.7997,
      0.4158,
      0.1383,
      0.0268,
      0.0033,
      0.0001,
      0.0,
      0.0,
      0.0,
      0.0,
      0.0
    ]
  ],
  "collapsed": [
    [
      0.0,
      0.0,
      0.2539,
      0.5205500000000035,
      0.6953249999999991,
      0.6234199999999992,
      0.3702783333333338,
      0.16437595238095212,
      0.07030047619047619,
      0.03421051587301584,
      0.017451507936507914,
      0.009694949494949501,
      0.005058333333333331,
      0.0027448717948717954,
      0.0013824175824175822,
      0.0007223809523809523,
      0.0
    ],
    [
      0.0,
      0.0,
      0.2488,
      0.52171666666667,
      0.6930249999999991,
      0.6350233333333319,
      0.3803866666666669,
      0.16743190476190453,
      0.0685607142857143,
      0.034830753968253934,
      0.018119166666666655,
      0.009846363636363646,
      0.00563712121212121,
      0.0029711538461538473,
      0.0017214285714285712,
      0.0007799999999999999,
      0.0
    ]
  ]
}