{
  "densities": [
    0.0,
    1.0,
    2.0,
    3.0,
    4.0,
    5.0,
    6.0,
    7.0,
    8.0,
    9.0,
    10.0,
    11.0,
    12.0,
    13.0,
    14.0,
    15.0,
    16.0
  ],
  "sizes": [
    5,
    30
  ],
  "seed": 100613316076670807,
  "num_samples": 50000,
  "before_claw_free": [
    [
      1.0,
      1.0,
      1.0,
      1.0,
      0.93992,
      0.75418,
      0.47338,
      0.2119,
      0.06452,
      0.0118,
      0.00176,
      0.00014,
      0.00002,
      0.0,
      0.0,
      0.0,
      0.0
    ],
    [
      1.0,
      1.0,
      1.0,
      1.0,
      0.9385,
      0.74816,
      0.46558,
      0.20366,
      0.06048,
      0.0114,
      0.00142,
      0.00008,
      0.0,
      0.0,
      0.0,
      0.0,
      0.0
    ]
  ],
  "after_claw_free": [
    [
      1.0,
      1.0,
      1.0,
      1.0,
      1.0,
      1.0,
      0.82394,
      0.45594,
      0.15806,
      0.03312,
      0.0047,
      0.00048,
      0.00006,
      0.0,
      0.0,
      0.0,
      0.0
    ],
    [
      1.0,
      1.0,
      1.0,
      1.0,
      1.0,
      1.0,
      0.81992,
      0.44824,
      0.15042,
      0.03168,
      0.00398,
      0.00022,
      0.00002,
      0.0,
      0.0,
      0.0,
      0.0
    ]
  ],
  "before_simplicial": [
    [
      1.0,
      1.0,
      1.0,
      1.0,
      0.93992,
      0.75418,
      0.47338,
      0.21158,
      0.06398,
      0.01142,
      0.00156,
      0.0001,
      0.00002,
      0.0,
      0.0,
      0.0,
      0.0
    ],
    [
      1.0,
      1.0,
      1.0,
      1.0,
      0.9385,
      0.74816,
      0.46558,
      0.20338,
      0.05988,
      0.0109,
      0.00114,
      0.00006,
      0.0,
      0.0,
      0.0,
      0.0,
      0.0
    ]
  ],
  "after_simplicial": [
    [
      1.0,
      1.0,
      1.0,
      1.0,
      1.0,
      1.0,
      0.82394,
      0.45572,
      0.1575,
      0.03272,
      0.00446,
      0.00042,
      0.00006,
      0.0,
      0.0,
      0.0,
      0.0
    ],
    [
      1.0,
      1.0,
      1.0,
      1.0,
      1.0,
      1.0,
      0.81992,
      0.44814,
      0.14992,
      0.03118,
      0.0037,
      0.0002,
      0.00002,
      0.0,
      0.0,
      0.0,
      0.0
    ]
  ],
  "collapsed": [
    [
      0.0,
      0.0,
      0.24797,
      0.5211133333333366,
      0.694578333333332,
      0.7811046666666586,
      0.6614730000000012,
      0.3669362380952366,
      0.13904280952380954,
      0.04672753968253977,
      0.0193645,
      0.009604121212121215,
      0.005295181818181817,
      0.0027763006993006996,
      0.0015604395604395603,
      0.0007879047619047617,
      0.0
    ],
    [
      0.0,
      0.0,
      0.25042,
      0.5213766666666702,
      0.6942316666666657,
      0.780999999999992,
      0.6577536666666677,
      0.362310238095237,
      0.13580461904761906,
      0.046857619047619155,
      0.019722000000000003,
      0.00997781818181819,
      0.005422181818181818,
      0.003002307692307693,
      0.00156032967032967,
      0.000844,
      0.0
    ]
  ]
}