{
  "densities": [
    0.0,
    1.0,
    2.0,
    3.0,
    4.0,
    5.0,
    6.0,
    7.0,
    8.0,
    9.0,
    10.0,
    11.0,
    12.0,
    13.0,
    14.0,
    15.0,
    16.0
  ],
  "sizes": [
    5,
    30
  ],
  "seed": 4295071229391532462,
  "num_samples": 50000,
  "before_claw_free": [
    [
      1.0,
      1.0,
      1.0,
      1.0,
      0.93762,
      0.75406,
      0.4699,
      0.21118,
      0.06158,
      0.01216,
      0.0014,
      0.0002,
      0.00002,
      0.0,
      0.0,
      0.0,
      0.0
    ],
    [
      1.0,
      1.0,
      1.0,
      1.0,
      0.93932,
      0.75142,
      0.46464,
      0.2047,
      0.0589,
      0.01116,
      0.00132,
      0.00008,
      0.0,
      0.0,
      0.0,
      0.0,
      0.0
    ]
  ],
  "after_claw_free": [
    [
      1.0,
      1.0,
      1.0,
      1.0,
      1.0,
      1.0,
      0.82066,
      0.45542,
      0.15614,
      0.03354,
      0.00444,
      0.00064,
      0.0001,
      0.0,
      0.0,
      0.0,
      0.0
    ],
    [
      1.0,
      1.0,
      1.0,
      1.0,
      1.0,
      1.0,
      0.81832,
      0.44902,
      0.1514,
      0.03088,
      0.00378,
      0.00028,
      0.0,
      0.0,
      0.0,
      0.0,
      0.0
    ]
  ],
  "before_simplicial": [
    [
      1.0,
      1.0,
      1.0,
      1.0,
      0.93762,
      0.75406,
      0.4699,
      0.21088,
      0.06108,
      0.0115,
      0.00114,
      0.00012,
      0.0,
      0.0,
      0.0,
      0.0,
      0.0
    ],
    [
      1.0,
      1.0,
      1.0,
      1.0,
      0.93932,
      0.75142,
      0.46464,
      0.2043,
      0.0585,
      0.01068,
      0.00112,
      0.00006,
      0.0,
      0.0,
      0.0,
      0.0,
      0.0
    ]
  ],
  "after_simplicial": [
    [
      1.0,
      1.0,
      1.0,
      1.0,
      1.0,
      1.0,
      0.82066,
      0.45526,
      0.15566,
      0.0329,
      0.00418,
      0.00054,
      0.00008,
      0.0,
      0.0,
      0.0,
      0.0
    ],
    [
      1.0,
      1.0,
      1.0,
      1.0,
      1.0,
      1.0,
      0.81832,
      0.44884,
      0.15102,
      0.03028,
      0.0035,
      0.00026,
      0.0,
      0.0,
      0.0,
      0.0,
      0.0
    ]
  ],
  "collapsed": [
    [
      0.0,
      0.0,
      0.24977,
      0.5197400000000033,
      0.6940033333333323,
      0.7811123333333251,
      0.6593096666666679,
      0.36715742857142714,
      0.13928133333333334,
      0.047626865079365185,
      0.019728531746031744,
      0.009808383838383844,
      0.005181545454545454,
      0.0028603846153846166,
      0.001563205128205128,
      0.0007861904761904762,
      0.0
    ],
    [
      0.0,
      0.0,
      0.24913,
      0.5216133333333368,
      0.6932966666666657,
      0.7808049999999919,
      0.656996000000001,
      0.3619885714285704,
      0.13635916666666673,
      0.04528313492063501,
      0.019810333333333333,
      0.010008040404040415,
      0.005571060606060604,
      0.002963846153846156,
      0.0015575824175824175,
      0.0008656190476190475,
      0.0
    ]
  ]
}