{
  "densities": [
    0.0,
    1.0,
    2.0,
    3.0,
    4.0,
    5.0,
    6.0,
    7.0,
    8.0,
    9.0,
    10.0,
    11.0,
    12.0,
    13.0,
    14.0,
    15.0,
    16.0
  ],
  "sizes": [
    5,
    30
  ],
  "seed": 11230481984894206047,
  "num_samples": 50000,
  "before_claw_free": [
    [
      1.0,
      1.0,
      1.0,
      1.0,
      0.93834,
      0.75706,
      0.47422,
      0.21016,
      0.06246,
      0.01264,
      0.00162,
      0.00008,
      0.0,
      0.0,
      0.0,
      0.0,
      0.0
    ],
    [
      1.0,
      1.0,
      1.0,
      1.0,
      0.93664,
      0.75052,
      0.46774,
      0.20796,
      0.05958,
      0.01086,
      0.00146,
      0.0001,
      0.0,
      0.0,
      0.0,
      0.0,
      0.0
    ]
  ],
  "after_claw_free": [
    [
      1.0,
      1.0,
      1.0,
      1.0,
      1.0,
      1.0,
      0.81948,
      0.45314,
      0.15342,
      0.03332,
      0.00452,
      0.00052,
      0.00004,
      0.0,
      0.0,
      0.0,
      0.0
    ],
    [
      1.0,
      1.0,
      1.0,
      1.0,
      1.0,
      1.0,
      0.81984,
      0.4528,
      0.1504,
      0.03038,
      0.00396,
      0.00018,
      0.0,
      0.0,
      0.0,
      0.0,
      0.0
    ]
  ],
  "before_simplicial": [
    [
      1.0,
      1.0,
      1.0,
      1.0,
      0.93834,
      0.75706,
      0.47422,
      0.20998,
      0.06198,
      0.01202,
      0.00138,
      0.00008,
      0.0,
      0.0,
      0.0,
      0.0,
      0.0
    ],
    [
      1.0,
      1.0,
      1.0,
      1.0,
      0.93664,
      0.75052,
      0.46774,
      0.20764,
      0.0591,
      0.0102,
      0.00136,
      0.00008,
      0.0,
      0.0,
      0.0,
      0.0,
      0.0
    ]
  ],
  "after_simplicial": [
    [
      1.0,
      1.0,
      1.0,
      1.0,
      1.0,
      1.0,
      0.81948,
      0.453,
      0.15302,
      0.03268,
      0.00426,
      0.0005,
      0.00004,
      0.0,
      0.0,
      0.0,
      0.0
    ],
    [
      1.0,
      1.0,
      1.0,
      1.0,
      1.0,
      1.0,
      0.81984,
      0.45266,
      0.14998,
      0.0297,
      0.00376,
      0.00016,
      0.0,
      0.0,
      0.0,
      0.0,
      0.0
    ]
  ],
  "collapsed": [
    [
      0.0,
      0.0,
      0.25067,
      0.5214500000000035,
      0.6946083333333323,
      0.7808769999999917,
      0.6577266666666679,
      0.36536814285714164,
      0.13724235714285715,
      0.047421714285714386,
      0.01904633333333333,
      0.00967874747474748,
      0.005239242424242422,
      0.0027834848484848494,
      0.00137054945054945,
      0.0007471428571428571,
      0.0
    ],
    [
      0.0,
      0.0,
      0.24997,
      0.5205800000000034,
      0.6946383333333322,
      0.7812186666666583,
      0.6577266666666676,
      0.3653496666666653,
      0.13641883333333332,
      0.04533575396825406,
      0.019368055555555555,
      0.009946181818181828,
      0.005430757575757573,
      0.0029243589743589756,
      0.0016306593406593408,
      0.0008666666666666667,
      0.0
    ]
  ]
}