{
  "densities": [
    0.0,
    1.0,
    2.0,
    3.0,
    4.0,
    5.0,
    6.0,
    7.0,
    8.0,
    9.0,
    10.0,
    11.0,
    12.0,
    13.0,
    14.0,
    15.0,
    16.0
  ],
  "sizes": [
    5,
    30
  ],
  "seed": 17058754536172602673,
  "num_samples": 10000,
  "before_claw_free": [
    [
      1.0,
      1.0,
      1.0,
      1.0,
      0.9373,
      0.7581,
      0.4647,
      0.2146,
      0.064,
      0.0108,
      0.0018,
      0.0001,
      0.0,
      0.0,
      0.0,
      0.0,
      0.0
    ],
    [
      1.0,
      1.0,
      1.0,
      1.0,
      0.9362,
      0.7532,
      0.4677,
      0.205,
      0.0594,
      0.0121,
      0.0011,
      0.0001,
      0.0,
      0.0,
      0.0,
      0.0,
      0.0
    ]
  ],
  "after_claw_free": [
    [
      1.0,
      1.0,
      1.0,
      1.0,
      1.0,
      1.0,
      0.7951,
      0.4238,
      0.1372,
      0.0305,
      0.0044,
      0.0006,
      0.0,
      0.0,
      0.0,
      0.0,
      0.0
    ],
    [
      1.0,
      1.0,
      1.0,
      1.0,
      1.0,
      1.0,
      0.7923,
      0.4221,
      0.1323,
      0.027,
      0.0027,
      0.0002,
      0.0,
      0.0,
      0.0,
      0.0,
      0.0
    ]
  ],
  "before_simplicial": [
    [
      1.0,
      1.0,
      1.0,
      1.0,
      0.9373,
      0.7581,
      0.4647,
      0.2144,
      0.0632,
      0.0105,
      0.0016,
      0.0001,
      0.0,
      0.0,
      0.0,
      0.0,
      0.0
    ],
    [
      1.0,
      1.0,
      1.0,
      1.0,
      0.9362,
      0.7532,
      0.4677,
      0.205,
      0.059,
      0.0116,
      0.0009,
      0.0001,
      0.0,
      0.0,
      0.0,
      0.0,
      0.0
    ]
  ],
  "after_simplicial": [
    [
      1.0,
      1.0,
      1.0,
      1.0,
      1.0,
      1.0,
      0.7951,
      0.4238,
      0.1365,
      0.0301,
      0.0041,
      0.0006,
      0.0,
      0.0,
      0.0,
      0.0,
      0.0
    ],
    [
      1.0,
      1.0,
      1.0,
      1.0,
      1.0,
      1.0,
      0.7923,
      0.4221,
      0.1319,
      0.0265,
      0.0025,
      0.0002,
      0.0,
      0.0,
      0.0,
      0.0,
      0.0
    ]
  ],
  "collapsed": [
    [
      0.0,
      0.0,
      0.2463,
      0.5204166666666702,
      0.6929083333333322,
      0.6280216666666656,
      0.3719616666666669,
      0.16490095238095218,
      0.06811666666666667,
      0.0341599206349206,
      0.018067777777777762,
      0.010255454545454557,
      0.005011363636363635,
      0.002573717948717949,
      0.0014247252747252744,
      0.0008900000000000001,
      0.0
    ],
    [
      0.0,
      0.0,
      0.2483,
      0.5227166666666699,
      0.6959749999999992,
      0.6296349999999988,
      0.36990500000000043,
      0.17050690476190453,
      0.06908059523809525,
      0.033792063492063436,
      0.018024999999999985,
      0.009805454545454553,
      0.00502651515151515,
      0.003002564102564104,
      0.0015428571428571425,
      0.00086,
      0.0
    ]
  ]
}