{
  "densities": [
    0.0,
    1.0,
    2.0,
    3.0,
    4.0,
    5.0,
    6.0,
    7.0,
    8.0,
    9.0,
    10.0,
    11.0,
    12.0,
    13.0,
    14.0,
    15.0,
    16.0
  ],
  "sizes": [
    5,
    30
  ],
  "seed": 9509376148507312887,
  "num_samples": 50000,
  "before_claw_free": [
    [
      1.0,
      1.0,
      1.0,
      1.0,
      0.93834,
      0.75866,
      0.47798,
      0.2092,
      0.06328,
      0.0125,
      0.00138,
      0.00008,
      0.0,
      0.0,
      0.0,
      0.0,
      0.0
    ],
    [
      1.0,
      1.0,
      1.0,
      1.0,
      0.93816,
      0.75022,
      0.46728,
      0.20542,
      0.05952,
      0.01056,
      0.0013,
      0.00014,
      0.00002,
      0.0,
      0.0,
      0.0,
      0.0
    ]
  ],
  "after_claw_free": [
    [
      1.0,
      1.0,
      1.0,
      1.0,
      1.0,
      1.0,
      0.82098,
      0.45356,
      0.15682,
      0.0338,
      0.00478,
      0.00042,
      0.0,
      0.0,
      0.0,
      0.0,
      0.0
    ],
    [
      1.0,
      1.0,
      1.0,
      1.0,
      1.0,
      1.0,
      0.81962,
      0.45172,
      0.15124,
      0.029,
      0.0034,
      0.00018,
      0.00002,
      0.0,
      0.0,
      0.0,
      0.0
    ]
  ],
  "before_simplicial": [
    [
      1.0,
      1.0,
      1.0,
      1.0,
      0.93834,
      0.75866,
      0.47798,
      0.20892,
      0.06278,
      0.01198,
      0.0012,
      0.00006,
      0.0,
      0.0,
      0.0,
      0.0,
      0.0
    ],
    [
      1.0,
      1.0,
      1.0,
      1.0,
      0.93816,
      0.75022,
      0.46728,
      0.20512,
      0.05896,
      0.01,
      0.00112,
      0.0001,
      0.00002,
      0.0,
      0.0,
      0.0,
      0.0
    ]
  ],
  "after_simplicial": [
    [
      1.0,
      1.0,
      1.0,
      1.0,
      1.0,
      1.0,
      0.82098,
      0.45338,
      0.15636,
      0.03328,
      0.00456,
      0.0004,
      0.0,
      0.0,
      0.0,
      0.0,
      0.0
    ],
    [
      1.0,
      1.0,
      1.0,
      1.0,
      1.0,
      1.0,
      0.81962,
      0.4515,
      0.15068,
      0.02836,
      0.00312,
      0.00014,
      0.00002,
      0.0,
      0.0,
      0.0,
      0.0
    ]
  ],
  "collapsed": [
    [
      0.0,
      0.0,
      0.25229,
      0.5219300000000034,
      0.6943199999999988,
      0.7808206666666586,
      0.6591096666666678,
      0.3647980476190464,
      0.14028780952380956,
      0.04726667460317468,
      0.019496865079365083,
      0.009962989898989907,
      0.005110090909090909,
      0.0027243589743589747,
      0.001553205128205128,
      0.0007778095238095237,
      0.0
    ],
    [
      0.0,
      0.0,
      0.25035,
      0.5188200000000035,
      0.6936616666666651,
      0.7811293333333253,
      0.657780000000001,
      0.3641172380952369,
      0.13651766666666665,
      0.04508984126984137,
      0.019191166666666662,
      0.009876222222222229,
      0.005415151515151516,
      0.0029823076923076934,
      0.0014917582417582412,
      0.0008840952380952379,
      0.0
    ]
  ]
}