{
  "densities": [
    0.0,
    1.0,
    2.0,
    3.0,
    4.0,
    5.0,
    6.0,
    7.0,
    8.0,
    9.0,
    10.0,
    11.0,
    12.0,
    13.0,
    14.0,
    15.0,
    16.0
  ],
  "sizes": [
    5,
    30
  ],
  "seed": 17427424558181071259,
  "num_samples": 10000,
  "before_claw_free": [
    [
      1.0,
      1.0,
      1.0,
      1.0,
      0.9394,
      0.7505,
      0.4766,
      0.208,
      0.0594,
      0.0124,
      0.0019,
      0.0002,
      0.0,
      0.0,
      0.0,
      0.0,
      0.0
    ],
    [
      1.0,
      1.0,
      1.0,
      1.0,
      0.9387,
      0.7558,
      0.4651,
      0.2081,
      0.0569,
      0.0119,
      0.0014,
      0.0,
      0.0,
      0.0,
      0.0,
      0.0,
      0.0
    ]
  ],
  "after_claw_free": [
    [
      1.0,
      1.0,
      1.0,
      1.0,
      1.0,
      1.0,
      0.8048,
      0.4212,
      0.1388,
      0.0276,
      0.004,
      0.0004,
      0.0,
      0.0,
      0.0,
      0.0,
      0.0
    ],
    [
      1.0,
      1.0,
      1.0,
      1.0,
      1.0,
      1.0,
      0.7928,
      0.4282,
      0.1337,
      0.0271,
      0.0032,
      0.0003,
      0.0,
      0.0,
      0.0,
      0.0,
      0.0
    ]
  ],
  "before_simplicial": [
    [
      1.0,
      1.0,
      1.0,
      1.0,
      0.9394,
      0.7505,
      0.4766,
      0.2079,
      0.0589,
      0.012,
      0.0016,
      0.0002,
      0.0,
      0.0,
      0.0,
      0.0,
      0.0
    ],
    [
      1.0,
      1.0,
      1.0,
      1.0,
      0.9387,
      0.7558,
      0.4651,
      0.208,
      0.0564,
      0.0113,
      0.0013,
      0.0,
      0.0,
      0.0,
      0.0,
      0.0,
      0.0
    ]
  ],
  "after_simplicial": [
    [
      1.0,
      1.0,
      1.0,
      1.0,
      1.0,
      1.0,
      0.8048,
      0.4211,
      0.1384,
      0.027,
      0.0037,
      0.0004,
      0.0,
      0.0,
      0.0,
      0.0,
      0.0
    ],
    [
      1.0,
      1.0,
      1.0,
      1.0,
      1.0,
      1.0,
      0.7928,
      0.4281,
      0.1333,
      0.0264,
      0.0031,
      0.0003,
      0.0,
      0.0,
      0.0,
      0.0,
      0.0
    ]
  ],
  "collapsed": [
    [
      0.0,
      0.0,
      0.24735,
      0.52346666666667,
      0.6931916666666657,
      0.6316599999999988,
      0.376976666666667,
      0.16416880952380924,
      0.0709097619047619,
      0.03319523809523804,
      0.017896388888888875,
      0.009106363636363638,
      0.005258636363636363,
      0.0028507575757575764,
      0.0015379120879120873,
      0.0006804761904761904,
      0.0
    ],
    [
      0.0,
      0.0,
      0.25455,
      0.52261666666667,
      0.6945083333333322,
      0.625976666666666,
      0.3719900000000003,
      0.16977595238095214,
      0.07018107142857143,
      0.0338492063492063,
      0.01881027777777777,
      0.010531818181818194,
      0.005790909090909086,
      0.002962179487179488,
      0.001578571428571428,
      0.0009333333333333334,
      0.0
    ]
  ]
}