{
  "densities": [
    0.0,
    1.0,
    2.0,
    3.0,
    4.0,
    5.0,
    6.0,
    7.0,
    8.0,
    9.0,
    10.0,
    11.0,
    12.0,
    13.0,
    14.0,
    15.0,
    16.0
  ],
  "sizes": [
    5,
    30
  ],
  "seed": 13349484881212618136,
  "num_samples": 50000,
  "before_claw_free": [
    [
      1.0,
      1.0,
      1.0,
      1.0,
      0.93852,
      0.75146,
      0.46858,
      0.2132,
      0.06052,
      0.01254,
      0.00182,
      0.00014,
      0.00004,
      0.0,
      0.0,
      0.0,
      0.0
    ],
    [
      1.0,
      1.0,
      1.0,
      1.0,
      0.93676,
      0.74924,
      0.46876,
      0.20642,
      0.05972,
      0.01158,
      0.00102,
      0.00006,
      0.00002,
      0.0,
      0.0,
      0.0,
      0.0
    ]
  ],
  "after_claw_free": [
    [
      1.0,
      1.0,
      1.0,
      1.0,
      1.0,
      1.0,
      0.81948,
      0.45728,
      0.15268,
      0.0343,
      0.00488,
      0.00046,
      0.00014,
      0.0,
      0.0,
      0.0,
      0.0
    ],
    [
      1.0,
      1.0,
      1.0,
      1.0,
      1.0,
      1.0,
      0.81928,
      0.45114,
      0.15046,
      0.03136,
      0.00298,
      0.00014,
      0.00002,
      0.0,
      0.0,
      0.0,
      0.0
    ]
  ],
  "before_simplicial": [
    [
      1.0,
      1.0,
      1.0,
      1.0,
      0.93852,
      0.75146,
      0.46858,
      0.21298,
      0.05996,
      0.01198,
      0.0015,
      0.00008,
      0.00004,
      0.0,
      0.0,
      0.0,
      0.0
    ],
    [
      1.0,
      1.0,
      1.0,
      1.0,
      0.93676,
      0.74924,
      0.46876,
      0.20608,
      0.05922,
      0.01126,
      0.00088,
      0.00002,
      0.0,
      0.0,
      0.0,
      0.0,
      0.0
    ]
  ],
  "after_simplicial": [
    [
      1.0,
      1.0,
      1.0,
      1.0,
      1.0,
      1.0,
      0.81948,
      0.4571,
      0.15218,
      0.03366,
      0.00452,
      0.0004,
      0.00014,
      0.0,
      0.0,
      0.0,
      0.0
    ],
    [
      1.0,
      1.0,
      1.0,
      1.0,
      1.0,
      1.0,
      0.81928,
      0.45098,
      0.15,
      0.031,
      0.00278,
      0.00008,
      0.0,
      0.0,
      0.0,
      0.0,
      0.0
    ]
  ],
  "collapsed": [
    [
      0.0,
      0.0,
      0.25086,
      0.5204433333333367,
      0.693994999999999,
      0.7813749999999918,
      0.6587280000000011,
      0.3693342380952368,
      0.13715533333333335,
      0.047691111111111205,
      0.019201055555555555,
      0.00962674747474748,
      0.005121272727272725,
      0.0028173076923076936,
      0.0014758241758241757,
      0.0008112380952380951,
      0.0
    ],
    [
      0.0,
      0.0,
      0.24812,
      0.5219800000000036,
      0.6941033333333323,
      0.7811916666666584,
      0.657619000000001,
      0.3632151428571417,
      0.136039880952381,
      0.04691634920634932,
      0.018979722222222217,
      0.00985022222222223,
      0.0054234848484848485,
      0.0028824358974358973,
      0.0016132967032967025,
      0.0008680952380952381,
      0.0
    ]
  ]
}