{
  "densities": [
    0.0,
    1.0,
    2.0,
    3.0,
    4.0,
    5.0,
    6.0,
    7.0,
    8.0,
    9.0,
    10.0,
    11.0,
    12.0,
    13.0,
    14.0,
    15.0,
    16.0
  ],
  "sizes": [
    5,
    30
  ],
  "seed": 15493284619170392058,
  "num_samples": 50000,
  "before_claw_free": [
    [
      1.0,
      1.0,
      1.0,
      1.0,
      0.9381,
      0.7492,
      0.47112,
      0.21042,
      0.06294,
      0.01212,
      0.00206,
      0.00016,
      0.0,
      0.0,
      0.0,
      0.0,
      0.0
    ],
    [
      1.0,
      1.0,
      1.0,
      1.0,
      0.937,
      0.7501,
      0.4653,
      0.20408,
      0.0604,
      0.01098,
      0.00106,
      0.00008,
      0.0,
      0.0,
      0.0,
      0.0,
      0.0
    ]
  ],
  "after_claw_free": [
    [
      1.0,
      1.0,
      1.0,
      1.0,
      1.0,
      1.0,
      0.8189,
      0.45174,
      0.15694,
      0.03374,
      0.00524,
      0.00034,
      0.00008,
      0.0,
      0.0,
      0.0,
      0.0
    ],
    [
      1.0,
      1.0,
      1.0,
      1.0,
      1.0,
      1.0,
      0.8182,
      0.44594,
      0.15184,
      0.02978,
      0.00334,
      0.0003,
      0.00002,
      0.0,
      0.0,
      0.0,
      0.0
    ]
  ],
  "before_simplicial": [
    [
      1.0,
      1.0,
      1.0,
      1.0,
      0.9381,
      0.7492,
      0.47112,
      0.21006,
      0.06248,
      0.01156,
      0.0018,
      0.00008,
      0.0,
      0.0,
      0.0,
      0.0,
      0.0
    ],
    [
      1.0,
      1.0,
      1.0,
      1.0,
      0.937,
      0.7501,
      0.4653,
      0.20378,
      0.05976,
      0.01044,
      0.00088,
      0.00006,
      0.0,
      0.0,
      0.0,
      0.0,
      0.0
    ]
  ],
  "after_simplicial": [
    [
      1.0,
      1.0,
      1.0,
      1.0,
      1.0,
      1.0,
      0.8189,
      0.45154,
      0.15648,
      0.03318,
      0.00496,
      0.00024,
      0.00006,
      0.0,
      0.0,
      0.0,
      0.0
    ],
    [
      1.0,
      1.0,
      1.0,
      1.0,
      1.0,
      1.0,
      0.8182,
      0.4458,
      0.1513,
      0.02924,
      0.00312,
      0.00028,
      0.00002,
      0.0,
      0.0,
      0.0,
      0.0
    ]
  ],
  "collapsed": [
    [
      0.0,
      0.0,
      0.25008,
      0.5191900000000036,
      0.6933466666666656,
      0.7810173333333258,
      0.6581646666666681,
      0.36516599999999877,
      0.14037630952380953,
      0.048046944444444545,
      0.019386119047619048,
      0.009477898989898995,
      0.00537590909090909,
      0.002807692307692308,
      0.0015068131868131863,
      0.000847062271062271,
      0.0
    ],
    [
      0.0,
      0.0,
      0.24723,
      0.5200333333333369,
      0.6942466666666657,
      0.7808289999999918,
      0.6571036666666675,
      0.36067419047618926,
      0.13699738095238098,
      0.045533214285714385,
      0.01922688888888889,
      0.010094767676767685,
      0.005315181818181816,
      0.0029887179487179494,
      0.00154043956043956,
      0.0008561904761904759,
      0.0
    ]
  ]
}