{
  "densities": [
    0.0,
    1.0,
    2.0,
    3.0,
    4.0,
    5.0,
    6.0,
    7.0,
    8.0,
    9.0,
    10.0,
    11.0,
    12.0,
    13.0,
    14.0,
    15.0,
    16.0
  ],
  "sizes": [
    5,
    30
  ],
  "seed": 14069202127772538480,
  "num_samples": 10000,
  "before_claw_free": [
    [
      1.0,
      1.0,
      1.0,
      1.0,
      0.9392,
      0.7526,
      0.4757,
      0.2126,
      0.0584,
      0.0119,
      0.0017,
      0.0,
      0.0,
      0.0,
      0.0,
      0.0,
      0.0
    ],
    [
      1.0,
      1.0,
      1.0,
      1.0,
      0.9368,
      0.7502,
      0.4611,
      0.2055,
      0.0613,
      0.0106,
      0.0015,
      0.0002,
      0.0,
      0.0,
      0.0,
      0.0,
      0.0
    ]
  ],
  "after_claw_free": [
    [
      1.0,
      1.0,
      1.0,
      1.0,
      1.0,
      1.0,
      0.7989,
      0.422,
      0.14,
      0.0302,
      0.0048,
      0.0004,
      0.0001,
      0.0,
      0.0,
      0.0,
      0.0
    ],
    [
      1.0,
      1.0,
      1.0,
      1.0,
      1.0,
      1.0,
      0.7977,
      0.419,
      0.1365,
      0.0243,
      0.0034,
      0.0005,
      0.0,
      0.0,
      0.0,
      0.0,
      0.0
    ]
  ],
  "before_simplicial": [
    [
      1.0,
      1.0,
      1.0,
      1.0,
      0.9392,
      0.7526,
      0.4757,
      0.2124,
      0.058,
      0.0115,
      0.0014,
      0.0,
      0.0,
      0.0,
      0.0,
      0.0,
      0.0
    ],
    [
      1.0,
      1.0,
      1.0,
      1.0,
      0.9368,
      0.7502,
      0.4611,
      0.2052,
      0.0609,
      0.0103,
      0.0014,
      0.0002,
      0.0,
      0.0,
      0.0,
      0.0,
      0.0
    ]
  ],
  "after_simplicial": [
    [
      1.0,
      1.0,
      1.0,
      1.0,
      1.0,
      1.0,
      0.7989,
      0.4219,
      0.1396,
      0.0297,
      0.0044,
      0.0004,
      0.0001,
      0.0,
      0.0,
      0.0,
      0.0
    ],
    [
      1.0,
      1.0,
      1.0,
      1.0,
      1.0,
      1.0,
      0.7977,
      0.4189,
      0.1361,
      0.0242,
      0.0032,
      0.0005,
      0.0,
      0.0,
      0.0,
      0.0,
      0.0
    ]
  ],
  "collapsed": [
    [
      0.0,
      0.0,
      0.2524,
      0.5202333333333369,
      0.6947333333333322,
      0.6304149999999988,
      0.37478500000000037,
      0.16346404761904731,
      0.06935785714285714,
      0.03359662698412693,
      0.017790833333333318,
      0.009670202020202027,
      0.004997727272727271,
      0.002685256410256411,
      0.0013335164835164832,
      0.0007409523809523809,
      0.0
    ],
    [
      0.0,
      0.0,
      0.2432,
      0.5197500000000034,
      0.6950083333333321,
      0.6268783333333324,
      0.38269500000000006,
      0.16751190476190447,
      0.07063714285714286,
      0.03342499999999995,
      0.01813499999999999,
      0.01012040404040405,
      0.005640151515151514,
      0.0028653846153846164,
      0.0015648351648351643,
      0.0008799999999999999,
      0.0
    ]
  ]
}