{
  "densities": [
    0.0,
    1.0,
    2.0,
    3.0,
    4.0,
    5.0,
    6.0,
    7.0,
    8.0,
    9.0,
    10.0,
    11.0,
    12.0,
    13.0,
    14.0,
    15.0,
    16.0
  ],
  "sizes": [
    5,
    30
  ],
  "seed": 1275286912634553682,
  "num_samples": 10000,
  "before_claw_free": [
    [
      1.0,
      1.0,
      1.0,
      1.0,
      0.9353,
      0.7473,
      0.4715,
      0.2078,
      0.0636,
      0.0154,
      0.0025,
      0.0001,
      0.0,
      0.0,
      0.0,
      0.0,
      0.0
    ],
    [
      1.0,
      1.0,
      1.0,
      1.0,
      0.9392,
      0.7544,
      0.4623,
      0.2069,
      0.0594,
      0.0105,
      0.0014,
      0.0001,
      0.0001,
      0.0,
      0.0,
      0.0,
      0.0
    ]
  ],
  "after_claw_free": [
    [
      1.0,
      1.0,
      1.0,
      1.0,
      1.0,
      1.0,
      0.8018,
      0.4176,
      0.1419,
      0.0348,
      0.0044,
      0.0002,
      0.0,
      0.0,
      0.0,
      0.0,
      0.0
    ],
    [
      1.0,
      1.0,
      1.0,
      1.0,
      1.0,
      1.0,
      0.8029,
      0.413,
      0.1352,
      0.0259,
      0.0034,
      0.0001,
      0.0001,
      0.0,
      0.0,
      0.0,
      0.0
    ]
  ],
  "before_simplicial": [
    [
      1.0,
      1.0,
      1.0,
      1.0,
      0.9353,
      0.7473,
      0.4715,
      0.2078,
      0.0632,
      0.0145,
      0.0022,
      0.0,
      0.0,
      0.0,
      0.0,
      0.0,
      0.0
    ],
    [
      1.0,
      1.0,
      1.0,
      1.0,
      0.9392,
      0.7544,
      0.4623,
      0.2068,
      0.0591,
      0.0099,
      0.0011,
      0.0001,
      0.0,
      0.0,
      0.0,
      0.0,
      0.0
    ]
  ],
  "after_simplicial": [
    [
      1.0,
      1.0,
      1.0,
      1.0,
      1.0,
      1.0,
      0.8018,
      0.4176,
      0.1416,
      0.0339,
      0.004,
      0.0001,
      0.0,
      0.0,
      0.0,
      0.0,
      0.0
    ],
    [
      1.0,
      1.0,
      1.0,
      1.0,
      1.0,
      1.0,
      0.8029,
      0.4129,
      0.1348,
      0.0253,
      0.003,
      0.0001,
      0.0,
      0.0,
      0.0,
      0.0,
      0.0
    ]
  ],
  "collapsed": [
    [
      0.0,
      0.0,
      0.24825,
      0.5233166666666701,
      0.6951249999999988,
      0.6316516666666653,
      0.3744300000000002,
      0.1651773809523807,
      0.067075,
      0.034331944444444415,
      0.017333611111111088,
      0.00943656565656566,
      0.005002272727272726,
      0.0026333333333333334,
      0.0017291208791208785,
      0.0007957142857142857,
      0.0
    ],
    [
      0.0,
      0.0,
      0.24965,
      0.5232333333333367,
      0.6926499999999988,
      0.6316866666666655,
      0.3840416666666669,
      0.1613319047619045,
      0.06939761904761906,
      0.033304563492063434,
      0.018554444444444432,
      0.009871111111111117,
      0.005104545454545453,
      0.002873076923076924,
      0.0015148351648351646,
      0.0008471428571428572,
      0.0
    ]
  ]
}