{
  "densities": [
    0.0,
    1.0,
    2.0,
    3.0,
    4.0,
    5.0,
    6.0,
    7.0,
    8.0,
    9.0,
    10.0,
    11.0,
    12.0,
    13.0,
    14.0,
    15.0,
    16.0
  ],
  "sizes": [
    5,
    30
  ],
  "seed": 16477990393340050854,
  "num_samples": 50000,
  "before_claw_free": [
    [
      1.0,
      1.0,
      1.0,
      1.0,
      0.93856,
      0.75362,
      0.47274,
      0.21,
      0.0633,
      0.0121,
      0.00132,
      0.00028,
      0.0,
      0.0,
      0.0,
      0.0,
      0.0
    ],
    [
      1.0,
      1.0,
      1.0,
      1.0,
      0.93754,
      0.75092,
      0.46508,
      0.20572,
      0.05896,
      0.01172,
      0.00124,
      0.00006,
      0.0,
      0.0,
      0.0,
      0.0,
      0.0
    ]
  ],
  "after_claw_free": [
    [
      1.0,
      1.0,
      1.0,
      1.0,
      1.0,
      1.0,
      0.81876,
      0.45428,
      0.15774,
      0.03262,
      0.00422,
      0.00066,
      0.0,
      0.0,
      0.0,
      0.0,
      0.0
    ],
    [
      1.0,
      1.0,
      1.0,
      1.0,
      1.0,
      1.0,
      0.81538,
      0.45294,
      0.15172,
      0.03084,
      0.00318,
      0.00016,
      0.0,
      0.0,
      0.0,
      0.0,
      0.0
    ]
  ],
  "before_simplicial": [
    [
      1.0,
      1.0,
      1.0,
      1.0,
      0.93856,
      0.75362,
      0.47274,
      0.20966,
      0.06294,
      0.0118,
      0.0012,
      0.00022,
      0.0,
      0.0,
      0.0,
      0.0,
      0.0
    ],
    [
      1.0,
      1.0,
      1.0,
      1.0,
      0.93754,
      0.75092,
      0.46508,
      0.2055,
      0.05838,
      0.01116,
      0.00102,
      0.00006,
      0.0,
      0.0,
      0.0,
      0.0,
      0.0
    ]
  ],
  "after_simplicial": [
    [
      1.0,
      1.0,
      1.0,
      1.0,
      1.0,
      1.0,
      0.81876,
      0.4541,
      0.1573,
      0.03232,
      0.00404,
      0.00058,
      0.0,
      0.0,
      0.0,
      0.0,
      0.0
    ],
    [
      1.0,
      1.0,
      1.0,
      1.0,
      1.0,
      1.0,
      0.81538,
      0.45284,
      0.1512,
      0.03022,
      0.00292,
      0.00016,
      0.0,
      0.0,
      0.0,
      0.0,
      0.0
    ]
  ],
  "collapsed": [
    [
      0.0,
      0.0,
      0.2484,
      0.5235900000000032,
      0.693093333333332,
      0.7811593333333251,
      0.6579060000000012,
      0.36688171428571303,
      0.14147573809523817,
      0.046689523809523924,
      0.0190525,
      0.009745535353535362,
      0.0050726363636363625,
      0.0027509440559440566,
      0.001469010989010989,
      0.0007489523809523812,
      0.0
    ],
    [
      0.0,
      0.0,
      0.25101,
      0.5206366666666699,
      0.6937583333333323,
      0.7811413333333251,
      0.6544013333333343,
      0.3653010476190465,
      0.13683128571428568,
      0.045586873015873115,
      0.018707166666666664,
      0.009920444444444452,
      0.005257424242424241,
      0.0029792307692307713,
      0.0015373626373626364,
      0.0008734285714285714,
      0.0
    ]
  ]
}