{
  "densities": [
    0.01,
    0.014927536231884059,
    0.019855072463768116,
    0.024782608695652172,
    0.02971014492753623,
    0.034637681159420286,
    0.03956521739130435,
    0.04449275362318841,
    0.04942028985507246,
    0.05434782608695652,
    0.05927536231884058,
    0.06420289855072463,
    0.06913043478260869,
    0.07405797101449274,
    0.0789855072463768,
    0.08391304347826085,
    0.08884057971014492,
    0.09376811594202898,
    0.09869565217391303,
    0.1036231884057971,
    0.10855072463768115,
    0.11347826086956521,
    0.11840579710144926,
    0.12333333333333332,
    0.1282608695652174,
    0.13318840579710145,
    0.1381159420289855,
    0.14304347826086958,
    0.14797101449275363,
    0.15289855072463768,
    0.15782608695652173,
    0.1627536231884058,
    0.16768115942028985,
    0.1726086956521739,
    0.17753623188405798,
    0.18246376811594203,
    0.18739130434782608,
    0.19231884057971013,
    0.1972463768115942,
    0.20217391304347826,
    0.2071014492753623,
    0.2120289855072464,
    0.21695652173913044,
    0.2218840579710145,
    0.22681159420289854,
    0.23173913043478261,
    0.23666666666666666,
    0.24159420289855071,
    0.2465217391304348,
    0.2514492753623188,
    0.2563768115942029,
    0.26130434782608697,
    0.266231884057971,
    0.27115942028985507,
    0.27608695652173915,
    0.28101449275362317,
    0.28594202898550725,
    0.2908695652173913,
    0.29579710144927535,
    0.3007246376811594,
    0.30565217391304345,
    0.3105797101449275,
    0.3155072463768116,
    0.3204347826086956,
    0.3253623188405797,
    0.3302898550724638,
    0.3352173913043478,
    0.3401449275362319,
    0.34507246376811596,
    0.35
  ],
  "seed": 15431435875117492026,
  "num_samples": 50,
  "before_claw_free": [
    0.9,
    0.92,
    0.82,
    0.86,
    0.86,
    0.8,
    0.7,
    0.68,
    0.62,
    0.5,
    0.56,
    0.52,
    0.48,
    0.56,
    0.28,
    0.4,
    0.4,
    0.4,
    0.44,
    0.28,
    0.38,
    0.32,
    0.28,
    0.3,
    0.1,
    0.16,
    0.2,
    0.12,
    0.16,
    0.14,
    0.14,
    0.08,
    0.08,
    0.12,
    0.1,
    0.08,
    0.1,
    0.04,
    0.08,
    0.06,
    0.02,
    0.08,
    0.06,
    0.04,
    0.02,
    0.02,
    0.0,
    0.0,
    0.02,
    0.02,
    0.02,
    0.02,
    0.0,
    0.0,
    0.0,
    0.02,
    0.0,
    0.0,
    0.0,
    0.0,
    0.0,
    0.0,
    0.0,
    0.0,
    0.0,
    0.02,
    0.0,
    0.0,
    0.0,
    0.0
  ],
  "before_simplicial": [
    0.9,
    0.92,
    0.82,
    0.86,
    0.86,
    0.8,
    0.7,
    0.68,
    0.62,
    0.5,
    0.56,
    0.52,
    0.48,
    0.54,
    0.28,
    0.38,
    0.38,
    0.4,
    0.44,
    0.28,
    0.38,
    0.32,
    0.28,
    0.28,
    0.1,
    0.16,
    0.2,
    0.12,
    0.16,
    0.14,
    0.14,
    0.08,
    0.06,
    0.12,
    0.08,
    0.08,
    0.1,
    0.04,
    0.08,
    0.06,
    0.02,
    0.06,
    0.06,
    0.04,
    0.02,
    0.02,
    0.0,
    0.0,
    0.02,
    0.02,
    0.02,
    0.02,
    0.0,
    0.0,
    0.0,
    0.02,
    0.0,
    0.0,
    0.0,
    0.0,
    0.0,
    0.0,
    0.0,
    0.0,
    0.0,
    0.02,
    0.0,
    0.0,
    0.0,
    0.0
  ],
  "after_claw_free": [
    0.9,
    0.92,
    0.82,
    0.86,
    0.86,
    0.8,
    0.7,
    0.72,
    0.66,
    0.54,
    0.58,
    0.52,
    0.48,
    0.58,
    0.28,
    0.4,
    0.4,
    0.44,
    0.46,
    0.34,
    0.38,
    0.34,
    0.34,
    0.34,
    0.12,
    0.22,
    0.2,
    0.14,
    0.18,
    0.18,
    0.14,
    0.12,
    0.08,
    0.16,
    0.12,
    0.08,
    0.1,
    0.04,
    0.08,
    0.08,
    0.02,
    0.08,
    0.08,
    0.04,
    0.02,
    0.02,
    0.0,
    0.0,
    0.02,
    0.02,
    0.04,
    0.04,
    0.0,
    0.0,
    0.0,
    0.02,
    0.0,
    0.0,
    0.0,
    0.0,
    0.0,
    0.0,
    0.0,
    0.0,
    0.0,
    0.02,
    0.0,
    0.0,
    0.0,
    0.0
  ],
  "after_simplicial": [
    0.9,
    0.92,
    0.82,
    0.86,
    0.86,
    0.8,
    0.7,
    0.72,
    0.66,
    0.54,
    0.58,
    0.52,
    0.48,
    0.56,
    0.28,
    0.38,
    0.38,
    0.44,
    0.46,
    0.34,
    0.38,
    0.34,
    0.34,
    0.32,
    0.12,
    0.22,
    0.2,
    0.14,
    0.18,
    0.18,
    0.14,
    0.12,
    0.06,
    0.16,
    0.1,
    0.08,
    0.1,
    0.04,
    0.08,
    0.08,
    0.02,
    0.06,
    0.08,
    0.04,
    0.02,
    0.02,
    0.0,
    0.0,
    0.02,
    0.02,
    0.04,
    0.04,
    0.0,
    0.0,
    0.0,
    0.02,
    0.0,
    0.0,
    0.0,
    0.0,
    0.0,
    0.0,
    0.0,
    0.0,
    0.0,
    0.02,
    0.0,
    0.0,
    0.0,
    0.0
  ],
  "collapsed": [
    0.7022222222222223,
    0.6592592592592592,
    0.5083333333333333,
    0.538148148148148,
    0.5022222222222222,
    0.44148148148148153,
    0.4494444444444444,
    0.3246296296296296,
    0.2994814814814815,
    0.2544444444444444,
    0.20703703703703702,
    0.2325925925925926,
    0.24048148148148143,
    0.26259259259259254,
    0.09438800705467372,
    0.15588888888888888,
    0.12914814814814815,
    0.25437037037037036,
    0.27807407407407403,
    0.08963492063492064,
    0.12411640211640211,
    0.12514814814814815,
    0.23874603174603173,
    0.18956084656084657,
    0.06484126984126984,
    0.1458148148148148,
    0.10341798941798942,
    0.09162169312169313,
    0.0811904761904762,
    0.08104761904761905,
    0.06368253968253967,
    0.09752380952380951,
    0.04777056277056277,
    0.11177777777777777,
    0.09652910052910052,
    0.04063586413586414,
    0.05773088023088022,
    0.027793650793650794,
    0.10141181657848325,
    0.07390652557319224,
    0.04201587301587302,
    0.07022438672438673,
    0.06257142857142857,
    0.04639417989417989,
    0.04973617123617124,
    0.05094444444444445,
    0.017888888888888888,
    0.017119769119769118,
    0.03361976911976912,
    0.03369047619047619,
    0.04514502164502164,
    0.036049062049062046,
    0.030143578643578643,
    0.03499084249084249,
    0.027611333111333108,
    0.032478835978835975,
    0.015732323232323233,
    0.01602380952380952,
    0.016388888888888887,
    0.013484848484848487,
    0.014777777777777777,
    0.018190698190698195,
    0.01789105339105339,
    0.03238838938838939,
    0.01217676767676768,
    0.0530959595959596,
    0.011302308802308803,
    0.026465811965811964,
    0.022156288156288152,
    0.008545898545898547
  ]
}