{
  "densities": [
    0.01,
    0.014927536231884059,
    0.019855072463768116,
    0.024782608695652172,
    0.02971014492753623,
    0.034637681159420286,
    0.03956521739130435,
    0.04449275362318841,
    0.04942028985507246,
    0.05434782608695652,
    0.05927536231884058,
    0.06420289855072463,
    0.06913043478260869,
    0.07405797101449274,
    0.0789855072463768,
    0.08391304347826085,
    0.08884057971014492,
    0.09376811594202898,
    0.09869565217391303,
    0.1036231884057971,
    0.10855072463768115,
    0.11347826086956521,
    0.11840579710144926,
    0.12333333333333332,
    0.1282608695652174,
    0.13318840579710145,
    0.1381159420289855,
    0.14304347826086958,
    0.14797101449275363,
    0.15289855072463768,
    0.15782608695652173,
    0.1627536231884058,
    0.16768115942028985,
    0.1726086956521739,
    0.17753623188405798,
    0.18246376811594203,
    0.18739130434782608,
    0.19231884057971013,
    0.1972463768115942,
    0.20217391304347826,
    0.2071014492753623,
    0.2120289855072464,
    0.21695652173913044,
    0.2218840579710145,
    0.22681159420289854,
    0.23173913043478261,
    0.23666666666666666,
    0.24159420289855071,
    0.2465217391304348,
    0.2514492753623188,
    0.2563768115942029,
    0.26130434782608697,
    0.266231884057971,
    0.27115942028985507,
    0.27608695652173915,
    0.28101449275362317,
    0.28594202898550725,
    0.2908695652173913,
    0.29579710144927535,
    0.3007246376811594,
    0.30565217391304345,
    0.3105797101449275,
    0.3155072463768116,
    0.3204347826086956,
    0.3253623188405797,
    0.3302898550724638,
    0.3352173913043478,
    0.3401449275362319,
    0.34507246376811596,
    0.35
  ],
  "seed": 16817803269036737320,
  "num_samples": 50,
  "before_claw_free": [
    0.92,
    0.94,
    0.9,
    0.86,
    0.68,
    0.74,
    0.72,
    0.72,
    0.72,
    0.6,
    0.64,
    0.48,
    0.5,
    0.42,
    0.4,
    0.46,
    0.48,
    0.38,
    0.3,
    0.32,
    0.32,
    0.24,
    0.2,
    0.34,
    0.22,
    0.18,
    0.2,
    0.14,
    0.22,
    0.16,
    0.24,
    0.16,
    0.1,
    0.04,
    0.08,
    0.1,
    0.08,
    0.08,
    0.1,
    0.04,
    0.08,
    0.04,
    0.02,
    0.04,
    0.04,
    0.02,
    0.0,
    0.0,
    0.02,
    0.0,
    0.02,
    0.04,
    0.0,
    0.02,
    0.02,
    0.02,
    0.0,
    0.0,
    0.0,
    0.0,
    0.0,
    0.0,
    0.0,
    0.0,
    0.0,
    0.0,
    0.0,
    0.0,
    0.02,
    0.0
  ],
  "before_simplicial": [
    0.92,
    0.94,
    0.9,
    0.86,
    0.68,
    0.74,
    0.7,
    0.72,
    0.72,
    0.6,
    0.62,
    0.48,
    0.48,
    0.42,
    0.4,
    0.46,
    0.48,
    0.38,
    0.3,
    0.32,
    0.28,
    0.24,
    0.2,
    0.3,
    0.22,
    0.18,
    0.2,
    0.14,
    0.2,
    0.16,
    0.22,
    0.16,
    0.1,
    0.04,
    0.08,
    0.1,
    0.08,
    0.08,
    0.1,
    0.04,
    0.08,
    0.04,
    0.02,
    0.04,
    0.04,
    0.02,
    0.0,
    0.0,
    0.02,
    0.0,
    0.02,
    0.04,
    0.0,
    0.02,
    0.02,
    0.02,
    0.0,
    0.0,
    0.0,
    0.0,
    0.0,
    0.0,
    0.0,
    0.0,
    0.0,
    0.0,
    0.0,
    0.0,
    0.02,
    0.0
  ],
  "after_claw_free": [
    0.92,
    0.94,
    0.9,
    0.88,
    0.68,
    0.74,
    0.74,
    0.74,
    0.72,
    0.62,
    0.64,
    0.48,
    0.54,
    0.46,
    0.4,
    0.46,
    0.48,
    0.44,
    0.3,
    0.34,
    0.36,
    0.24,
    0.22,
    0.34,
    0.22,
    0.22,
    0.24,
    0.16,
    0.22,
    0.16,
    0.26,
    0.18,
    0.12,
    0.06,
    0.08,
    0.1,
    0.08,
    0.1,
    0.1,
    0.06,
    0.1,
    0.04,
    0.02,
    0.04,
    0.04,
    0.02,
    0.0,
    0.0,
    0.02,
    0.02,
    0.02,
    0.04,
    0.0,
    0.02,
    0.02,
    0.02,
    0.0,
    0.0,
    0.0,
    0.0,
    0.0,
    0.0,
    0.0,
    0.0,
    0.0,
    0.0,
    0.0,
    0.0,
    0.02,
    0.0
  ],
  "after_simplicial": [
    0.92,
    0.94,
    0.9,
    0.88,
    0.68,
    0.74,
    0.72,
    0.74,
    0.72,
    0.62,
    0.62,
    0.48,
    0.52,
    0.46,
    0.4,
    0.46,
    0.48,
    0.44,
    0.3,
    0.34,
    0.32,
    0.24,
    0.22,
    0.3,
    0.22,
    0.22,
    0.24,
    0.16,
    0.2,
    0.16,
    0.24,
    0.18,
    0.12,
    0.06,
    0.08,
    0.1,
    0.08,
    0.1,
    0.1,
    0.06,
    0.1,
    0.04,
    0.02,
    0.04,
    0.04,
    0.02,
    0.0,
    0.0,
    0.02,
    0.02,
    0.02,
    0.04,
    0.0,
    0.02,
    0.02,
    0.02,
    0.0,
    0.0,
    0.0,
    0.0,
    0.0,
    0.0,
    0.0,
    0.0,
    0.0,
    0.0,
    0.0,
    0.0,
    0.02,
    0.0
  ],
  "collapsed": [
    0.6800000000000002,
    0.6853703703703704,
    0.5733333333333334,
    0.53,
    0.3794444444444444,
    0.3894444444444444,
    0.32388888888888884,
    0.3470370370370371,
    0.36740740740740735,
    0.1877777777777778,
    0.3387037037037037,
    0.15566666666666665,
    0.2981481481481481,
    0.19333333333333333,
    0.1901111111111111,
    0.23170370370370366,
    0.16644444444444442,
    0.1738888888888889,
    0.19455555555555556,
    0.12244444444444444,
    0.13982539682539682,
    0.11594444444444443,
    0.11122222222222224,
    0.103005291005291,
    0.07422222222222223,
    0.14455555555555555,
    0.08623015873015874,
    0.09657936507936508,
    0.0714920634920635,
    0.11134391534391534,
    0.13210052910052908,
    0.1312451499118166,
    0.08707936507936509,
    0.0437962962962963,
    0.020880952380952382,
    0.0293015873015873,
    0.04022222222222222,
    0.09738095238095237,
    0.05357936507936509,
    0.05596825396825397,
    0.04996825396825397,
    0.027955026455026455,
    0.022293650793650796,
    0.026459817959817958,
    0.05638961038961038,
    0.02365151515151515,
    0.014745532245532244,
    0.023325396825396822,
    0.025808641975308636,
    0.04291666666666666,
    0.03409523809523809,
    0.05153052503052503,
    0.01622222222222222,
    0.030378787878787877,
    0.03484199134199135,
    0.013944444444444443,
    0.032966533466533464,
    0.010713786213786214,
    0.016132478632478634,
    0.027691919191919188,
    0.02096775446775447,
    0.018111111111111113,
    0.029539522206188874,
    0.033772708772708764,
    0.013682761682761682,
    0.011954545454545456,
    0.018617845117845117,
    0.012,
    0.03556565656565657,
    0.012856643356643356
  ]
}