{
  "densities": [
    0.1111111111111111,
    0.11600753295668549,
    0.12090395480225988,
    0.12580037664783428,
    0.13069679849340865,
    0.13559322033898305,
    0.14048964218455742,
    0.14538606403013182,
    0.1502824858757062,
    0.1551789077212806,
    0.160075329566855,
    0.16497175141242937,
    0.16986817325800377,
    0.17476459510357817,
    0.17966101694915254,
    0.1845574387947269,
    0.1894538606403013,
    0.1943502824858757,
    0.1992467043314501,
    0.20414312617702446,
    0.20903954802259886,
    0.21393596986817326,
    0.21883239171374763,
    0.22372881355932203,
    0.22862523540489643,
    0.2335216572504708,
    0.2384180790960452,
    0.24331450094161958,
    0.24821092278719398,
    0.25310734463276835,
    0.2580037664783428,
    0.26290018832391715,
    0.2677966101694915,
    0.2726930320150659,
    0.27758945386064027,
    0.2824858757062147,
    0.28738229755178907,
    0.2922787193973635,
    0.29717514124293787,
    0.30207156308851224,
    0.3069679849340866,
    0.311864406779661,
    0.3167608286252354,
    0.3216572504708098,
    0.3265536723163842,
    0.3314500941619586,
    0.33634651600753296,
    0.34124293785310733,
    0.3461393596986817,
    0.35103578154425613,
    0.3559322033898305,
    0.36082862523540493,
    0.3657250470809793,
    0.3706214689265537,
    0.37551789077212805,
    0.3804143126177024,
    0.38531073446327685,
    0.3902071563088512,
    0.3951035781544256,
    0.4
  ],
  "seed": 9006357128655205443,
  "num_samples": 50,
  "before_claw_free": [
    0.0,
    0.0,
    0.0,
    0.02,
    0.0,
    0.02,
    0.0,
    0.0,
    0.0,
    0.02,
    0.02,
    0.02,
    0.0,
    0.0,
    0.0,
    0.0,
    0.0,
    0.0,
    0.0,
    0.0,
    0.0,
    0.0,
    0.0,
    0.0,
    0.0,
    0.0,
    0.0,
    0.0,
    0.0,
    0.0,
    0.0,
    0.0,
    0.0,
    0.0,
    0.0,
    0.0,
    0.0,
    0.0,
    0.0,
    0.0,
    0.0,
    0.0,
    0.0,
    0.0,
    0.0,
    0.0,
    0.0,
    0.0,
    0.0,
    0.0,
    0.0,
    0.0,
    0.0,
    0.0,
    0.0,
    0.0,
    0.0,
    0.0,
    0.0,
    0.0
  ],
  "before_simplicial": [
    0.0,
    0.0,
    0.0,
    0.02,
    0.0,
    0.02,
    0.0,
    0.0,
    0.0,
    0.02,
    0.02,
    0.02,
    0.0,
    0.0,
    0.0,
    0.0,
    0.0,
    0.0,
    0.0,
    0.0,
    0.0,
    0.0,
    0.0,
    0.0,
    0.0,
    0.0,
    0.0,
    0.0,
    0.0,
    0.0,
    0.0,
    0.0,
    0.0,
    0.0,
    0.0,
    0.0,
    0.0,
    0.0,
    0.0,
    0.0,
    0.0,
    0.0,
    0.0,
    0.0,
    0.0,
    0.0,
    0.0,
    0.0,
    0.0,
    0.0,
    0.0,
    0.0,
    0.0,
    0.0,
    0.0,
    0.0,
    0.0,
    0.0,
    0.0,
    0.0
  ],
  "after_claw_free": [
    0.0,
    0.0,
    0.0,
    0.02,
    0.0,
    0.02,
    0.0,
    0.0,
    0.0,
    0.02,
    0.02,
    0.02,
    0.0,
    0.0,
    0.0,
    0.0,
    0.0,
    0.0,
    0.0,
    0.0,
    0.0,
    0.0,
    0.0,
    0.0,
    0.0,
    0.0,
    0.0,
    0.0,
    0.0,
    0.0,
    0.0,
    0.0,
    0.0,
    0.0,
    0.0,
    0.0,
    0.0,
    0.0,
    0.0,
    0.0,
    0.0,
    0.0,
    0.0,
    0.0,
    0.0,
    0.0,
    0.0,
    0.0,
    0.0,
    0.0,
    0.0,
    0.0,
    0.0,
    0.0,
    0.0,
    0.0,
    0.0,
    0.0,
    0.0,
    0.0
  ],
  "after_simplicial": [
    0.0,
    0.0,
    0.0,
    0.02,
    0.0,
    0.02,
    0.0,
    0.0,
    0.0,
    0.02,
    0.02,
    0.02,
    0.0,
    0.0,
    0.0,
    0.0,
    0.0,
    0.0,
    0.0,
    0.0,
    0.0,
    0.0,
    0.0,
    0.0,
    0.0,
    0.0,
    0.0,
    0.0,
    0.0,
    0.0,
    0.0,
    0.0,
    0.0,
    0.0,
    0.0,
    0.0,
    0.0,
    0.0,
    0.0,
    0.0,
    0.0,
    0.0,
    0.0,
    0.0,
    0.0,
    0.0,
    0.0,
    0.0,
    0.0,
    0.0,
    0.0,
    0.0,
    0.0,
    0.0,
    0.0,
    0.0,
    0.0,
    0.0,
    0.0,
    0.0
  ],
  "collapsed": [
    0.0333015873015873,
    0.019404761904761904,
    0.015825396825396826,
    0.019814213564213565,
    0.0339047619047619,
    0.026246031746031746,
    0.03358946608946609,
    0.004222222222222222,
    0.010214285714285714,
    0.0166984126984127,
    0.014277777777777776,
    0.01682683982683983,
    0.018734848484848483,
    0.01104761904761905,
    0.02000793650793651,
    0.012095959595959594,
    0.010611111111111111,
    0.019790404040404042,
    0.021783910533910534,
    0.021945165945165945,
    0.012436507936507937,
    0.015073815073815076,
    0.02408080808080808,
    0.019246031746031744,
    0.0259484126984127,
    0.018433566433566435,
    0.017045093795093794,
    0.004523809523809524,
    0.014713786213786216,
    0.008333333333333333,
    0.016133699633699636,
    0.009555555555555555,
    0.011758158508158508,
    0.00576068376068376,
    0.0034285714285714284,
    0.010472527472527473,
    0.005246753246753246,
    0.009674825174825175,
    0.0018181818181818182,
    0.013937052713368503,
    0.0015384615384615385,
    0.01423088023088023,
    0.003666666666666667,
    0.0063003663003663,
    0.004326923076923077,
    0.0047149321266968325,
    0.0011111111111111111,
    0.005826043237807944,
    0.005068181818181818,
    0.004455128205128205,
    0.0,
    0.0,
    0.0035375816993464047,
    0.0015384615384615385,
    0.0,
    0.0015384615384615385,
    0.00125,
    0.00458008658008658,
    0.0033566433566433566,
    0.0
  ]
}