{
  "densities": [
    0.1111111111111111,
    0.11600753295668549,
    0.12090395480225988,
    0.12580037664783428,
    0.13069679849340865,
    0.13559322033898305,
    0.14048964218455742,
    0.14538606403013182,
    0.1502824858757062,
    0.1551789077212806,
    0.160075329566855,
    0.16497175141242937,
    0.16986817325800377,
    0.17476459510357817,
    0.17966101694915254,
    0.1845574387947269,
    0.1894538606403013,
    0.1943502824858757,
    0.1992467043314501,
    0.20414312617702446,
    0.20903954802259886,
    0.21393596986817326,
    0.21883239171374763,
    0.22372881355932203,
    0.22862523540489643,
    0.2335216572504708,
    0.2384180790960452,
    0.24331450094161958,
    0.24821092278719398,
    0.25310734463276835,
    0.2580037664783428,
    0.26290018832391715,
    0.2677966101694915,
    0.2726930320150659,
    0.27758945386064027,
    0.2824858757062147,
    0.28738229755178907,
    0.2922787193973635,
    0.29717514124293787,
    0.30207156308851224,
    0.3069679849340866,
    0.311864406779661,
    0.3167608286252354,
    0.3216572504708098,
    0.3265536723163842,
    0.3314500941619586,
    0.33634651600753296,
    0.34124293785310733,
    0.3461393596986817,
    0.35103578154425613,
    0.3559322033898305,
    0.36082862523540493,
    0.3657250470809793,
    0.3706214689265537,
    0.37551789077212805,
    0.3804143126177024,
    0.38531073446327685,
    0.3902071563088512,
    0.3951035781544256,
    0.4
  ],
  "seed": 9300833819458719665,
  "num_samples": 50,
  "before_claw_free": [
    0.02,
    0.02,
    0.0,
    0.0,
    0.02,
    0.0,
    0.02,
    0.02,
    0.0,
    0.0,
    0.0,
    0.0,
    0.0,
    0.0,
    0.0,
    0.0,
    0.0,
    0.0,
    0.0,
    0.0,
    0.0,
    0.0,
    0.0,
    0.0,
    0.0,
    0.0,
    0.0,
    0.0,
    0.0,
    0.0,
    0.0,
    0.0,
    0.0,
    0.0,
    0.0,
    0.0,
    0.0,
    0.0,
    0.0,
    0.0,
    0.0,
    0.0,
    0.0,
    0.0,
    0.0,
    0.0,
    0.0,
    0.0,
    0.0,
    0.0,
    0.0,
    0.0,
    0.0,
    0.0,
    0.0,
    0.0,
    0.0,
    0.0,
    0.0,
    0.0
  ],
  "before_simplicial": [
    0.02,
    0.02,
    0.0,
    0.0,
    0.02,
    0.0,
    0.02,
    0.02,
    0.0,
    0.0,
    0.0,
    0.0,
    0.0,
    0.0,
    0.0,
    0.0,
    0.0,
    0.0,
    0.0,
    0.0,
    0.0,
    0.0,
    0.0,
    0.0,
    0.0,
    0.0,
    0.0,
    0.0,
    0.0,
    0.0,
    0.0,
    0.0,
    0.0,
    0.0,
    0.0,
    0.0,
    0.0,
    0.0,
    0.0,
    0.0,
    0.0,
    0.0,
    0.0,
    0.0,
    0.0,
    0.0,
    0.0,
    0.0,
    0.0,
    0.0,
    0.0,
    0.0,
    0.0,
    0.0,
    0.0,
    0.0,
    0.0,
    0.0,
    0.0,
    0.0
  ],
  "after_claw_free": [
    0.02,
    0.02,
    0.0,
    0.0,
    0.02,
    0.0,
    0.02,
    0.02,
    0.0,
    0.0,
    0.0,
    0.0,
    0.0,
    0.0,
    0.0,
    0.0,
    0.0,
    0.0,
    0.0,
    0.0,
    0.0,
    0.0,
    0.0,
    0.0,
    0.0,
    0.0,
    0.0,
    0.0,
    0.0,
    0.0,
    0.0,
    0.0,
    0.0,
    0.0,
    0.0,
    0.0,
    0.0,
    0.0,
    0.0,
    0.0,
    0.0,
    0.0,
    0.0,
    0.0,
    0.0,
    0.0,
    0.0,
    0.0,
    0.0,
    0.0,
    0.0,
    0.0,
    0.0,
    0.0,
    0.0,
    0.0,
    0.0,
    0.0,
    0.0,
    0.0
  ],
  "after_simplicial": [
    0.02,
    0.02,
    0.0,
    0.0,
    0.02,
    0.0,
    0.02,
    0.02,
    0.0,
    0.0,
    0.0,
    0.0,
    0.0,
    0.0,
    0.0,
    0.0,
    0.0,
    0.0,
    0.0,
    0.0,
    0.0,
    0.0,
    0.0,
    0.0,
    0.0,
    0.0,
    0.0,
    0.0,
    0.0,
    0.0,
    0.0,
    0.0,
    0.0,
    0.0,
    0.0,
    0.0,
    0.0,
    0.0,
    0.0,
    0.0,
    0.0,
    0.0,
    0.0,
    0.0,
    0.0,
    0.0,
    0.0,
    0.0,
    0.0,
    0.0,
    0.0,
    0.0,
    0.0,
    0.0,
    0.0,
    0.0,
    0.0,
    0.0,
    0.0,
    0.0
  ],
  "collapsed": [
    0.024214285714285716,
    0.013607142857142858,
    0.027472222222222217,
    0.027205128205128198,
    0.030524531024531024,
    0.01765079365079365,
    0.021722222222222226,
    0.018457792207792208,
    0.022786435786435785,
    0.015841991341991345,
    0.024492063492063496,
    0.02256421356421356,
    0.01541941391941392,
    0.024985569985569986,
    0.044833333333333336,
    0.038578144078144076,
    0.021778499278499275,
    0.004675324675324675,
    0.027876984126984125,
    0.007611111111111111,
    0.01596825396825397,
    0.014982905982905984,
    0.004395604395604396,
    0.014135642135642135,
    0.023362637362637363,
    0.009373737373737373,
    0.02294871794871795,
    0.007824175824175822,
    0.00404040404040404,
    0.009117327117327118,
    0.011561688311688311,
    0.005174825174825175,
    0.012644300144300145,
    0.01596581196581197,
    0.0038181818181818182,
    0.015420274170274171,
    0.009577985739750446,
    0.009838827838827838,
    0.007083333333333333,
    0.005599694423223836,
    0.010371794871794873,
    0.005189255189255188,
    0.0,
    0.005824175824175823,
    0.006493506493506493,
    0.0026666666666666666,
    0.005356643356643357,
    0.003333333333333333,
    0.0026666666666666666,
    0.002857142857142857,
    0.007017563705644201,
    0.0,
    0.0015384615384615385,
    0.0036209150326797384,
    0.0047619047619047615,
    0.0029670329670329672,
    0.0,
    0.002714932126696833,
    0.0,
    0.005174825174825175
  ]
}