{
  "densities": [
    0.01,
    0.014927536231884059,
    0.019855072463768116,
    0.024782608695652172,
    0.02971014492753623,
    0.034637681159420286,
    0.03956521739130435,
    0.04449275362318841,
    0.04942028985507246,
    0.05434782608695652,
    0.05927536231884058,
    0.06420289855072463,
    0.06913043478260869,
    0.07405797101449274,
    0.0789855072463768,
    0.08391304347826085,
    0.08884057971014492,
    0.09376811594202898,
    0.09869565217391303,
    0.1036231884057971,
    0.10855072463768115,
    0.11347826086956521,
    0.11840579710144926,
    0.12333333333333332,
    0.1282608695652174,
    0.13318840579710145,
    0.1381159420289855,
    0.14304347826086958,
    0.14797101449275363,
    0.15289855072463768,
    0.15782608695652173,
    0.1627536231884058,
    0.16768115942028985,
    0.1726086956521739,
    0.17753623188405798,
    0.18246376811594203,
    0.18739130434782608,
    0.19231884057971013,
    0.1972463768115942,
    0.20217391304347826,
    0.2071014492753623,
    0.2120289855072464,
    0.21695652173913044,
    0.2218840579710145,
    0.22681159420289854,
    0.23173913043478261,
    0.23666666666666666,
    0.24159420289855071,
    0.2465217391304348,
    0.2514492753623188,
    0.2563768115942029,
    0.26130434782608697,
    0.266231884057971,
    0.27115942028985507,
    0.27608695652173915,
    0.28101449275362317,
    0.28594202898550725,
    0.2908695652173913,
    0.29579710144927535,
    0.3007246376811594,
    0.30565217391304345,
    0.3105797101449275,
    0.3155072463768116,
    0.3204347826086956,
    0.3253623188405797,
    0.3302898550724638,
    0.3352173913043478,
    0.3401449275362319,
    0.34507246376811596,
    0.35
  ],
  "seed": 17672171273470959305,
  "num_samples": 50,
  "before_claw_free": [
    0.9,
    1.0,
    0.88,
    0.88,
    0.76,
    0.7,
    0.72,
    0.64,
    0.56,
    0.58,
    0.6,
    0.68,
    0.52,
    0.54,
    0.42,
    0.3,
    0.42,
    0.32,
    0.34,
    0.36,
    0.26,
    0.3,
    0.22,
    0.22,
    0.26,
    0.1,
    0.24,
    0.18,
    0.28,
    0.16,
    0.16,
    0.16,
    0.14,
    0.02,
    0.08,
    0.06,
    0.06,
    0.04,
    0.06,
    0.06,
    0.04,
    0.04,
    0.04,
    0.04,
    0.02,
    0.02,
    0.0,
    0.02,
    0.04,
    0.0,
    0.0,
    0.0,
    0.0,
    0.0,
    0.0,
    0.0,
    0.0,
    0.02,
    0.0,
    0.0,
    0.0,
    0.02,
    0.0,
    0.0,
    0.0,
    0.0,
    0.0,
    0.0,
    0.0,
    0.02
  ],
  "before_simplicial": [
    0.9,
    1.0,
    0.88,
    0.88,
    0.76,
    0.7,
    0.72,
    0.64,
    0.56,
    0.58,
    0.6,
    0.68,
    0.5,
    0.54,
    0.42,
    0.3,
    0.42,
    0.32,
    0.34,
    0.34,
    0.26,
    0.3,
    0.22,
    0.22,
    0.26,
    0.08,
    0.24,
    0.18,
    0.26,
    0.16,
    0.14,
    0.14,
    0.12,
    0.02,
    0.08,
    0.06,
    0.04,
    0.04,
    0.06,
    0.06,
    0.04,
    0.04,
    0.04,
    0.04,
    0.02,
    0.0,
    0.0,
    0.02,
    0.04,
    0.0,
    0.0,
    0.0,
    0.0,
    0.0,
    0.0,
    0.0,
    0.0,
    0.02,
    0.0,
    0.0,
    0.0,
    0.02,
    0.0,
    0.0,
    0.0,
    0.0,
    0.0,
    0.0,
    0.0,
    0.02
  ],
  "after_claw_free": [
    0.9,
    1.0,
    0.9,
    0.9,
    0.76,
    0.72,
    0.72,
    0.7,
    0.58,
    0.58,
    0.6,
    0.68,
    0.56,
    0.58,
    0.42,
    0.36,
    0.44,
    0.38,
    0.36,
    0.4,
    0.32,
    0.34,
    0.24,
    0.24,
    0.36,
    0.1,
    0.24,
    0.2,
    0.28,
    0.2,
    0.16,
    0.16,
    0.14,
    0.04,
    0.1,
    0.06,
    0.06,
    0.08,
    0.06,
    0.06,
    0.04,
    0.04,
    0.04,
    0.04,
    0.02,
    0.02,
    0.0,
    0.02,
    0.06,
    0.02,
    0.0,
    0.0,
    0.02,
    0.0,
    0.0,
    0.0,
    0.0,
    0.02,
    0.0,
    0.0,
    0.0,
    0.02,
    0.0,
    0.0,
    0.0,
    0.0,
    0.0,
    0.0,
    0.0,
    0.02
  ],
  "after_simplicial": [
    0.9,
    1.0,
    0.9,
    0.9,
    0.76,
    0.72,
    0.72,
    0.7,
    0.58,
    0.58,
    0.6,
    0.68,
    0.54,
    0.58,
    0.42,
    0.36,
    0.44,
    0.38,
    0.36,
    0.38,
    0.32,
    0.34,
    0.24,
    0.24,
    0.36,
    0.08,
    0.24,
    0.2,
    0.26,
    0.2,
    0.14,
    0.14,
    0.12,
    0.04,
    0.1,
    0.06,
    0.04,
    0.08,
    0.06,
    0.06,
    0.04,
    0.04,
    0.04,
    0.04,
    0.02,
    0.0,
    0.0,
    0.02,
    0.06,
    0.02,
    0.0,
    0.0,
    0.02,
    0.0,
    0.0,
    0.0,
    0.0,
    0.02,
    0.0,
    0.0,
    0.0,
    0.02,
    0.0,
    0.0,
    0.0,
    0.0,
    0.0,
    0.0,
    0.0,
    0.02
  ],
  "collapsed": [
    0.6933333333333336,
    0.6459259259259261,
    0.5266666666666667,
    0.46,
    0.3627777777777778,
    0.47740740740740734,
    0.39844444444444443,
    0.2872222222222222,
    0.24185185185185185,
    0.3205555555555556,
    0.3331481481481482,
    0.2644444444444445,
    0.2329259259259259,
    0.3081481481481481,
    0.19114814814814815,
    0.12666666666666665,
    0.18029629629629632,
    0.18019047619047618,
    0.1322222222222222,
    0.12966666666666668,
    0.118,
    0.13937037037037037,
    0.09956084656084656,
    0.09628571428571427,
    0.16214814814814815,
    0.052547619047619044,
    0.1333703703703704,
    0.09263492063492063,
    0.10183333333333333,
    0.10311640211640213,
    0.053314814814814815,
    0.11239417989417991,
    0.08964814814814816,
    0.048190476190476186,
    0.0771065416065416,
    0.03926984126984127,
    0.025904761904761906,
    0.05344444444444444,
    0.06683068783068784,
    0.05286243386243386,
    0.049992063492063483,
    0.06406421356421356,
    0.02682539682539682,
    0.022523809523809522,
    0.053325396825396824,
    0.0362077922077922,
    0.0238941798941799,
    0.047322751322751315,
    0.05323424723424724,
    0.02746897546897547,
    0.02712049062049062,
    0.019952602952602955,
    0.027333333333333334,
    0.016904761904761905,
    0.010311688311688312,
    0.017611111111111112,
    0.01855611672278339,
    0.01693867243867244,
    0.018530864197530864,
    0.019770063270063268,
    0.02707092907092907,
    0.03893458393458394,
    0.021866522366522364,
    0.009579365079365078,
    0.005707070707070707,
    0.01343745143745144,
    0.03022100122100122,
    0.007395104895104896,
    0.011443223443223443,
    0.0052991452991453
  ]
}