{
  "densities": [
    0.01,
    0.014927536231884059,
    0.019855072463768116,
    0.024782608695652172,
    0.02971014492753623,
    0.034637681159420286,
    0.03956521739130435,
    0.04449275362318841,
    0.04942028985507246,
    0.05434782608695652,
    0.05927536231884058,
    0.06420289855072463,
    0.06913043478260869,
    0.07405797101449274,
    0.0789855072463768,
    0.08391304347826085,
    0.08884057971014492,
    0.09376811594202898,
    0.09869565217391303,
    0.1036231884057971,
    0.10855072463768115,
    0.11347826086956521,
    0.11840579710144926,
    0.12333333333333332,
    0.1282608695652174,
    0.13318840579710145,
    0.1381159420289855,
    0.14304347826086958,
    0.14797101449275363,
    0.15289855072463768,
    0.15782608695652173,
    0.1627536231884058,
    0.16768115942028985,
    0.1726086956521739,
    0.17753623188405798,
    0.18246376811594203,
    0.18739130434782608,
    0.19231884057971013,
    0.1972463768115942,
    0.20217391304347826,
    0.2071014492753623,
    0.2120289855072464,
    0.21695652173913044,
    0.2218840579710145,
    0.22681159420289854,
    0.23173913043478261,
    0.23666666666666666,
    0.24159420289855071,
    0.2465217391304348,
    0.2514492753623188,
    0.2563768115942029,
    0.26130434782608697,
    0.266231884057971,
    0.27115942028985507,
    0.27608695652173915,
    0.28101449275362317,
    0.28594202898550725,
    0.2908695652173913,
    0.29579710144927535,
    0.3007246376811594,
    0.30565217391304345,
    0.3105797101449275,
    0.3155072463768116,
    0.3204347826086956,
    0.3253623188405797,
    0.3302898550724638,
    0.3352173913043478,
    0.3401449275362319,
    0.34507246376811596,
    0.35
  ],
  "seed": 15282017409865506081,
  "num_samples": 50,
  "before_claw_free": [
    0.96,
    0.92,
    0.86,
    0.86,
    0.78,
    0.74,
    0.62,
    0.62,
    0.64,
    0.56,
    0.72,
    0.58,
    0.56,
    0.62,
    0.46,
    0.32,
    0.42,
    0.34,
    0.32,
    0.26,
    0.32,
    0.28,
    0.28,
    0.2,
    0.28,
    0.28,
    0.2,
    0.18,
    0.12,
    0.2,
    0.12,
    0.06,
    0.04,
    0.12,
    0.1,
    0.04,
    0.1,
    0.0,
    0.14,
    0.04,
    0.02,
    0.04,
    0.04,
    0.08,
    0.08,
    0.04,
    0.06,
    0.0,
    0.02,
    0.0,
    0.0,
    0.02,
    0.0,
    0.0,
    0.0,
    0.0,
    0.0,
    0.0,
    0.0,
    0.0,
    0.0,
    0.0,
    0.0,
    0.0,
    0.0,
    0.0,
    0.0,
    0.0,
    0.0,
    0.0
  ],
  "before_simplicial": [
    0.96,
    0.92,
    0.86,
    0.86,
    0.78,
    0.74,
    0.6,
    0.62,
    0.64,
    0.56,
    0.7,
    0.58,
    0.56,
    0.62,
    0.46,
    0.32,
    0.42,
    0.34,
    0.32,
    0.26,
    0.32,
    0.28,
    0.28,
    0.2,
    0.28,
    0.28,
    0.2,
    0.18,
    0.1,
    0.2,
    0.12,
    0.06,
    0.04,
    0.12,
    0.1,
    0.04,
    0.1,
    0.0,
    0.14,
    0.04,
    0.02,
    0.04,
    0.04,
    0.06,
    0.06,
    0.04,
    0.06,
    0.0,
    0.02,
    0.0,
    0.0,
    0.02,
    0.0,
    0.0,
    0.0,
    0.0,
    0.0,
    0.0,
    0.0,
    0.0,
    0.0,
    0.0,
    0.0,
    0.0,
    0.0,
    0.0,
    0.0,
    0.0,
    0.0,
    0.0
  ],
  "after_claw_free": [
    0.96,
    0.92,
    0.86,
    0.86,
    0.8,
    0.76,
    0.66,
    0.66,
    0.64,
    0.58,
    0.74,
    0.58,
    0.6,
    0.62,
    0.52,
    0.34,
    0.42,
    0.36,
    0.34,
    0.34,
    0.36,
    0.34,
    0.28,
    0.2,
    0.28,
    0.32,
    0.22,
    0.18,
    0.12,
    0.28,
    0.14,
    0.08,
    0.06,
    0.14,
    0.1,
    0.04,
    0.1,
    0.02,
    0.14,
    0.04,
    0.02,
    0.06,
    0.04,
    0.08,
    0.08,
    0.04,
    0.06,
    0.02,
    0.02,
    0.02,
    0.0,
    0.02,
    0.0,
    0.0,
    0.0,
    0.0,
    0.0,
    0.02,
    0.0,
    0.0,
    0.0,
    0.0,
    0.0,
    0.0,
    0.0,
    0.0,
    0.0,
    0.0,
    0.0,
    0.02
  ],
  "after_simplicial": [
    0.96,
    0.92,
    0.86,
    0.86,
    0.8,
    0.76,
    0.64,
    0.66,
    0.64,
    0.58,
    0.72,
    0.58,
    0.6,
    0.62,
    0.52,
    0.34,
    0.42,
    0.36,
    0.34,
    0.34,
    0.36,
    0.34,
    0.28,
    0.2,
    0.28,
    0.32,
    0.22,
    0.18,
    0.1,
    0.28,
    0.14,
    0.08,
    0.06,
    0.14,
    0.1,
    0.04,
    0.1,
    0.02,
    0.14,
    0.04,
    0.02,
    0.06,
    0.04,
    0.06,
    0.06,
    0.04,
    0.06,
    0.02,
    0.02,
    0.02,
    0.0,
    0.02,
    0.0,
    0.0,
    0.0,
    0.0,
    0.0,
    0.02,
    0.0,
    0.0,
    0.0,
    0.0,
    0.0,
    0.0,
    0.0,
    0.0,
    0.0,
    0.0,
    0.0,
    0.02
  ],
  "collapsed": [
    0.6944444444444445,
    0.6270370370370371,
    0.5725925925925927,
    0.39703703703703697,
    0.48777777777777787,
    0.38733333333333336,
    0.33955555555555555,
    0.344,
    0.2827777777777778,
    0.27477777777777773,
    0.3222222222222222,
    0.2992592592592592,
    0.26925925925925925,
    0.18,
    0.23437037037037037,
    0.15196296296296294,
    0.14881481481481482,
    0.13566666666666666,
    0.10755555555555557,
    0.10222222222222221,
    0.13276984126984126,
    0.20315343915343917,
    0.1444814814814815,
    0.06661904761904762,
    0.06122222222222222,
    0.11614814814814814,
    0.09224747474747474,
    0.07635714285714286,
    0.0769100529100529,
    0.14804497354497353,
    0.09174603174603174,
    0.05919047619047618,
    0.04507936507936508,
    0.09446031746031747,
    0.031796296296296295,
    0.033468253968253966,
    0.04903246753246753,
    0.0426031746031746,
    0.10802910052910054,
    0.012214285714285716,
    0.05919576719576719,
    0.036665784832451496,
    0.021142857142857144,
    0.04285714285714286,
    0.03894444444444445,
    0.048341109507776175,
    0.03568398268398268,
    0.030714285714285715,
    0.013871794871794872,
    0.06630230880230881,
    0.01986111111111111,
    0.02242063492063492,
    0.03054232804232804,
    0.01704906204906205,
    0.022026455026455026,
    0.02038239538239538,
    0.026324397824397824,
    0.02087373737373737,
    0.019936507936507933,
    0.007076923076923077,
    0.021325396825396824,
    0.02681024531024531,
    0.012759379509379509,
    0.014031968031968031,
    0.01927128427128427,
    0.01883670033670034,
    0.015410052910052909,
    0.021607670107670108,
    0.017281144781144783,
    0.023327985739750447
  ]
}