{
  "densities": [
    0.01,
    0.014927536231884059,
    0.019855072463768116,
    0.024782608695652172,
    0.02971014492753623,
    0.034637681159420286,
    0.03956521739130435,
    0.04449275362318841,
    0.04942028985507246,
    0.05434782608695652,
    0.05927536231884058,
    0.06420289855072463,
    0.06913043478260869,
    0.07405797101449274,
    0.0789855072463768,
    0.08391304347826085,
    0.08884057971014492,
    0.09376811594202898,
    0.09869565217391303,
    0.1036231884057971,
    0.10855072463768115,
    0.11347826086956521,
    0.11840579710144926,
    0.12333333333333332,
    0.1282608695652174,
    0.13318840579710145,
    0.1381159420289855,
    0.14304347826086958,
    0.14797101449275363,
    0.15289855072463768,
    0.15782608695652173,
    0.1627536231884058,
    0.16768115942028985,
    0.1726086956521739,
    0.17753623188405798,
    0.18246376811594203,
    0.18739130434782608,
    0.19231884057971013,
    0.1972463768115942,
    0.20217391304347826,
    0.2071014492753623,
    0.2120289855072464,
    0.21695652173913044,
    0.2218840579710145,
    0.22681159420289854,
    0.23173913043478261,
    0.23666666666666666,
    0.24159420289855071,
    0.2465217391304348,
    0.2514492753623188,
    0.2563768115942029,
    0.26130434782608697,
    0.266231884057971,
    0.27115942028985507,
    0.27608695652173915,
    0.28101449275362317,
    0.28594202898550725,
    0.2908695652173913,
    0.29579710144927535,
    0.3007246376811594,
    0.30565217391304345,
    0.3105797101449275,
    0.3155072463768116,
    0.3204347826086956,
    0.3253623188405797,
    0.3302898550724638,
    0.3352173913043478,
    0.3401449275362319,
    0.34507246376811596,
    0.35
  ],
  "seed": 14069753633733684678,
  "num_samples": 50,
  "before_claw_free": [
    0.98,
    0.88,
    0.92,
    0.78,
    0.7,
    0.78,
    0.72,
    0.68,
    0.54,
    0.62,
    0.6,
    0.56,
    0.56,
    0.46,
    0.58,
    0.4,
    0.34,
    0.26,
    0.4,
    0.22,
    0.32,
    0.26,
    0.24,
    0.24,
    0.24,
    0.24,
    0.18,
    0.2,
    0.14,
    0.14,
    0.1,
    0.14,
    0.16,
    0.1,
    0.12,
    0.1,
    0.1,
    0.06,
    0.04,
    0.04,
    0.04,
    0.04,
    0.06,
    0.0,
    0.02,
    0.0,
    0.02,
    0.02,
    0.0,
    0.0,
    0.0,
    0.04,
    0.04,
    0.02,
    0.02,
    0.0,
    0.0,
    0.02,
    0.0,
    0.0,
    0.02,
    0.0,
    0.0,
    0.0,
    0.0,
    0.0,
    0.0,
    0.0,
    0.0,
    0.0
  ],
  "before_simplicial": [
    0.98,
    0.88,
    0.92,
    0.78,
    0.7,
    0.78,
    0.72,
    0.68,
    0.54,
    0.62,
    0.6,
    0.56,
    0.54,
    0.46,
    0.58,
    0.4,
    0.34,
    0.26,
    0.4,
    0.22,
    0.3,
    0.26,
    0.24,
    0.24,
    0.24,
    0.24,
    0.16,
    0.2,
    0.14,
    0.14,
    0.1,
    0.14,
    0.16,
    0.1,
    0.12,
    0.1,
    0.1,
    0.06,
    0.04,
    0.04,
    0.04,
    0.04,
    0.06,
    0.0,
    0.02,
    0.0,
    0.02,
    0.02,
    0.0,
    0.0,
    0.0,
    0.04,
    0.04,
    0.02,
    0.02,
    0.0,
    0.0,
    0.02,
    0.0,
    0.0,
    0.02,
    0.0,
    0.0,
    0.0,
    0.0,
    0.0,
    0.0,
    0.0,
    0.0,
    0.0
  ],
  "after_claw_free": [
    0.98,
    0.9,
    0.92,
    0.8,
    0.7,
    0.78,
    0.72,
    0.7,
    0.54,
    0.62,
    0.62,
    0.6,
    0.58,
    0.48,
    0.62,
    0.44,
    0.34,
    0.3,
    0.4,
    0.28,
    0.36,
    0.34,
    0.26,
    0.26,
    0.26,
    0.24,
    0.18,
    0.24,
    0.14,
    0.16,
    0.1,
    0.14,
    0.18,
    0.12,
    0.12,
    0.12,
    0.1,
    0.06,
    0.06,
    0.04,
    0.06,
    0.04,
    0.06,
    0.0,
    0.02,
    0.02,
    0.02,
    0.04,
    0.0,
    0.02,
    0.0,
    0.04,
    0.04,
    0.02,
    0.02,
    0.0,
    0.0,
    0.02,
    0.0,
    0.0,
    0.02,
    0.0,
    0.0,
    0.0,
    0.0,
    0.0,
    0.0,
    0.0,
    0.0,
    0.0
  ],
  "after_simplicial": [
    0.98,
    0.9,
    0.92,
    0.8,
    0.7,
    0.78,
    0.72,
    0.7,
    0.54,
    0.62,
    0.62,
    0.6,
    0.56,
    0.48,
    0.62,
    0.44,
    0.34,
    0.3,
    0.4,
    0.28,
    0.34,
    0.34,
    0.26,
    0.26,
    0.26,
    0.24,
    0.16,
    0.24,
    0.14,
    0.16,
    0.1,
    0.14,
    0.18,
    0.12,
    0.12,
    0.12,
    0.1,
    0.06,
    0.06,
    0.04,
    0.06,
    0.04,
    0.06,
    0.0,
    0.02,
    0.02,
    0.02,
    0.04,
    0.0,
    0.02,
    0.0,
    0.04,
    0.04,
    0.02,
    0.02,
    0.0,
    0.0,
    0.02,
    0.0,
    0.0,
    0.02,
    0.0,
    0.0,
    0.0,
    0.0,
    0.0,
    0.0,
    0.0,
    0.0,
    0.0
  ],
  "collapsed": [
    0.6477777777777779,
    0.6144444444444446,
    0.5977777777777779,
    0.5055555555555556,
    0.46444444444444444,
    0.4938888888888889,
    0.40611111111111114,
    0.395,
    0.3594497354497354,
    0.32944444444444443,
    0.2839259259259259,
    0.305,
    0.255,
    0.2185555555555556,
    0.24855555555555559,
    0.1927777777777778,
    0.14851851851851852,
    0.12214814814814813,
    0.18409259259259259,
    0.14411111111111108,
    0.05341269841269841,
    0.1743015873015873,
    0.13857936507936508,
    0.2062010582010582,
    0.06259259259259259,
    0.0738015873015873,
    0.0831111111111111,
    0.15503703703703703,
    0.09261640211640212,
    0.12197883597883596,
    0.05669047619047619,
    0.06249206349206348,
    0.08835714285714286,
    0.0629673721340388,
    0.02081818181818182,
    0.041690476190476194,
    0.0903956043956044,
    0.07302380952380955,
    0.06471957671957672,
    0.04211111111111111,
    0.05880599647266314,
    0.03584199134199134,
    0.05981818181818181,
    0.03035714285714286,
    0.034912698412698416,
    0.03486507936507936,
    0.04693795093795094,
    0.045128408628408626,
    0.01,
    0.018968253968253964,
    0.0223015873015873,
    0.024356643356643354,
    0.04149262465929133,
    0.023596681096681095,
    0.0416972101972102,
    0.02934110950777618,
    0.009633699633699633,
    0.03461327561327561,
    0.021031246531246533,
    0.03285470085470085,
    0.01301010101010101,
    0.018690476190476188,
    0.009833333333333335,
    0.030619769119769116,
    0.013156288156288156,
    0.014912198912198913,
    0.01562909312909313,
    0.02644943944943945,
    0.01284748584748585,
    0.026020885547201337
  ]
}