{
  "densities": [
    0.01,
    0.02,
    0.03,
    0.04,
    0.05,
    0.060000000000000005,
    0.06999999999999999,
    0.08,
    0.09,
    0.09999999999999999,
    0.11,
    0.12,
    0.13,
    0.14,
    0.15000000000000002,
    0.16,
    0.17,
    0.18000000000000002,
    0.19,
    0.2,
    0.21000000000000002,
    0.22,
    0.23,
    0.24000000000000002,
    0.25,
    0.26,
    0.27,
    0.28,
    0.29000000000000004,
    0.3,
    0.31,
    0.32,
    0.33,
    0.34,
    0.35000000000000003,
    0.36000000000000004,
    0.37,
    0.38,
    0.39,
    0.4
  ],
  "seed": 7858753978927410607,
  "before_claw_free": [
    0.93,
    0.88,
    0.8,
    0.69,
    0.71,
    0.62,
    0.54,
    0.39,
    0.42,
    0.28,
    0.26,
    0.22,
    0.3,
    0.21,
    0.11,
    0.06,
    0.07,
    0.07,
    0.13,
    0.02,
    0.02,
    0.04,
    0.04,
    0.05,
    0.05,
    0.01,
    0.03,
    0.02,
    0.0,
    0.01,
    0.0,
    0.0,
    0.0,
    0.0,
    0.0,
    0.0,
    0.0,
    0.0,
    0.0,
    0.0
  ],
  "before_simplicial": [
    0.93,
    0.88,
    0.8,
    0.69,
    0.7,
    0.62,
    0.54,
    0.39,
    0.42,
    0.28,
    0.26,
    0.21,
    0.3,
    0.19,
    0.11,
    0.06,
    0.07,
    0.06,
    0.13,
    0.02,
    0.02,
    0.04,
    0.04,
    0.05,
    0.05,
    0.01,
    0.02,
    0.02,
    0.0,
    0.01,
    0.0,
    0.0,
    0.0,
    0.0,
    0.0,
    0.0,
    0.0,
    0.0,
    0.0,
    0.0
  ],
  "after_claw_free": [
    0.93,
    0.88,
    0.82,
    0.71,
    0.71,
    0.63,
    0.58,
    0.42,
    0.46,
    0.29,
    0.3,
    0.25,
    0.3,
    0.22,
    0.13,
    0.07,
    0.07,
    0.08,
    0.13,
    0.04,
    0.03,
    0.04,
    0.04,
    0.06,
    0.06,
    0.01,
    0.03,
    0.03,
    0.0,
    0.01,
    0.0,
    0.0,
    0.0,
    0.0,
    0.0,
    0.0,
    0.0,
    0.0,
    0.0,
    0.0
  ],
  "after_simplicial": [
    0.93,
    0.88,
    0.82,
    0.71,
    0.7,
    0.63,
    0.58,
    0.42,
    0.46,
    0.29,
    0.3,
    0.24,
    0.3,
    0.2,
    0.13,
    0.07,
    0.07,
    0.07,
    0.13,
    0.04,
    0.03,
    0.04,
    0.04,
    0.06,
    0.06,
    0.01,
    0.02,
    0.03,
    0.0,
    0.01,
    0.0,
    0.0,
    0.0,
    0.0,
    0.0,
    0.0,
    0.0,
    0.0,
    0.0,
    0.0
  ],
  "collapsed": [
    0.6468518518518518,
    0.5374074074074072,
    0.4933333333333331,
    0.34777777777777774,
    0.3640740740740741,
    0.25196296296296294,
    0.24246296296296294,
    0.17850000000000002,
    0.25659259259259265,
    0.10974074074074076,
    0.16621693121693124,
    0.06307671957671959,
    0.14547486772486773,
    0.06815740740740742,
    0.07084391534391535,
    0.07435449735449735,
    0.04306349206349206,
    0.06055291005291008,
    0.09223677248677248,
    0.0575079365079365,
    0.03569047619047618,
    0.04699867724867724,
    0.048513227513227515,
    0.048501683501683504,
    0.05768686868686869,
    0.03191173641173641,
    0.028272486772486772,
    0.03582153957153957,
    0.024579836829836835,
    0.020667308000641333,
    0.017523559773559776,
    0.014036796536796537,
    0.017285936285936287,
    0.016328313661646995,
    0.015312090687090685,
    0.013395965145965144,
    0.014051698301698301,
    0.014536259492141844,
    0.011805167055167053,
    0.006608516483516483
  ]
}