{
  "densities": [
    0.1111111111111111,
    0.11600753295668549,
    0.12090395480225988,
    0.12580037664783428,
    0.13069679849340865,
    0.13559322033898305,
    0.14048964218455742,
    0.14538606403013182,
    0.1502824858757062,
    0.1551789077212806,
    0.160075329566855,
    0.16497175141242937,
    0.16986817325800377,
    0.17476459510357817,
    0.17966101694915254,
    0.1845574387947269,
    0.1894538606403013,
    0.1943502824858757,
    0.1992467043314501,
    0.20414312617702446,
    0.20903954802259886,
    0.21393596986817326,
    0.21883239171374763,
    0.22372881355932203,
    0.22862523540489643,
    0.2335216572504708,
    0.2384180790960452,
    0.24331450094161958,
    0.24821092278719398,
    0.25310734463276835,
    0.2580037664783428,
    0.26290018832391715,
    0.2677966101694915,
    0.2726930320150659,
    0.27758945386064027,
    0.2824858757062147,
    0.28738229755178907,
    0.2922787193973635,
    0.29717514124293787,
    0.30207156308851224,
    0.3069679849340866,
    0.311864406779661,
    0.3167608286252354,
    0.3216572504708098,
    0.3265536723163842,
    0.3314500941619586,
    0.33634651600753296,
    0.34124293785310733,
    0.3461393596986817,
    0.35103578154425613,
    0.3559322033898305,
    0.36082862523540493,
    0.3657250470809793,
    0.3706214689265537,
    0.37551789077212805,
    0.3804143126177024,
    0.38531073446327685,
    0.3902071563088512,
    0.3951035781544256,
    0.4
  ],
  "seed": 997438588507342258,
  "num_samples": 50,
  "before_claw_free": [
    0.0,
    0.0,
    0.0,
    0.0,
    0.02,
    0.0,
    0.0,
    0.0,
    0.0,
    0.0,
    0.0,
    0.0,
    0.02,
    0.0,
    0.0,
    0.0,
    0.0,
    0.0,
    0.0,
    0.0,
    0.0,
    0.0,
    0.0,
    0.0,
    0.02,
    0.0,
    0.0,
    0.0,
    0.0,
    0.0,
    0.0,
    0.0,
    0.0,
    0.0,
    0.0,
    0.0,
    0.0,
    0.0,
    0.0,
    0.0,
    0.0,
    0.0,
    0.0,
    0.0,
    0.0,
    0.0,
    0.0,
    0.0,
    0.0,
    0.0,
    0.0,
    0.0,
    0.0,
    0.0,
    0.0,
    0.0,
    0.0,
    0.0,
    0.0,
    0.0
  ],
  "before_simplicial": [
    0.0,
    0.0,
    0.0,
    0.0,
    0.02,
    0.0,
    0.0,
    0.0,
    0.0,
    0.0,
    0.0,
    0.0,
    0.02,
    0.0,
    0.0,
    0.0,
    0.0,
    0.0,
    0.0,
    0.0,
    0.0,
    0.0,
    0.0,
    0.0,
    0.02,
    0.0,
    0.0,
    0.0,
    0.0,
    0.0,
    0.0,
    0.0,
    0.0,
    0.0,
    0.0,
    0.0,
    0.0,
    0.0,
    0.0,
    0.0,
    0.0,
    0.0,
    0.0,
    0.0,
    0.0,
    0.0,
    0.0,
    0.0,
    0.0,
    0.0,
    0.0,
    0.0,
    0.0,
    0.0,
    0.0,
    0.0,
    0.0,
    0.0,
    0.0,
    0.0
  ],
  "after_claw_free": [
    0.0,
    0.0,
    0.0,
    0.0,
    0.02,
    0.0,
    0.0,
    0.0,
    0.0,
    0.0,
    0.0,
    0.0,
    0.02,
    0.0,
    0.0,
    0.0,
    0.0,
    0.0,
    0.0,
    0.0,
    0.0,
    0.0,
    0.0,
    0.0,
    0.02,
    0.0,
    0.0,
    0.0,
    0.0,
    0.0,
    0.0,
    0.0,
    0.0,
    0.0,
    0.0,
    0.0,
    0.0,
    0.0,
    0.0,
    0.0,
    0.0,
    0.0,
    0.0,
    0.0,
    0.0,
    0.0,
    0.0,
    0.0,
    0.0,
    0.0,
    0.0,
    0.0,
    0.0,
    0.0,
    0.0,
    0.0,
    0.0,
    0.0,
    0.0,
    0.0
  ],
  "after_simplicial": [
    0.0,
    0.0,
    0.0,
    0.0,
    0.02,
    0.0,
    0.0,
    0.0,
    0.0,
    0.0,
    0.0,
    0.0,
    0.02,
    0.0,
    0.0,
    0.0,
    0.0,
    0.0,
    0.0,
    0.0,
    0.0,
    0.0,
    0.0,
    0.0,
    0.02,
    0.0,
    0.0,
    0.0,
    0.0,
    0.0,
    0.0,
    0.0,
    0.0,
    0.0,
    0.0,
    0.0,
    0.0,
    0.0,
    0.0,
    0.0,
    0.0,
    0.0,
    0.0,
    0.0,
    0.0,
    0.0,
    0.0,
    0.0,
    0.0,
    0.0,
    0.0,
    0.0,
    0.0,
    0.0,
    0.0,
    0.0,
    0.0,
    0.0,
    0.0,
    0.0
  ],
  "collapsed": [
    0.02426190476190476,
    0.03485714285714285,
    0.03221825396825397,
    0.03649278499278499,
    0.021444444444444443,
    0.013183261183261184,
    0.0254054834054834,
    0.015714285714285715,
    0.022357142857142857,
    0.01818253968253968,
    0.015313492063492062,
    0.016689255189255188,
    0.022436507936507935,
    0.02946176046176046,
    0.019246031746031744,
    0.02604062604062604,
    0.01911854811854812,
    0.019757936507936506,
    0.01734126984126984,
    0.023143079143079143,
    0.008897546897546897,
    0.019413419913419914,
    0.027365800865800868,
    0.010424825174825174,
    0.01769047619047619,
    0.02050865800865801,
    0.009287157287157287,
    0.020300366300366298,
    0.011454545454545455,
    0.011935286935286933,
    0.010163419913419913,
    0.009952602952602953,
    0.005707070707070707,
    0.009444444444444445,
    0.009927350427350427,
    0.012790689702454408,
    0.0032467532467532465,
    0.0034285714285714284,
    0.006580086580086579,
    0.002994652406417112,
    0.009662698412698411,
    0.008747474747474749,
    0.01119047619047619,
    0.002583333333333333,
    0.004538461538461538,
    0.006653307476836889,
    0.004287581699346406,
    0.008103896103896105,
    0.002591093117408907,
    0.004837662337662338,
    0.003666666666666667,
    0.0016666666666666666,
    0.0036363636363636364,
    0.0,
    0.0013333333333333333,
    0.0011111111111111111,
    0.0015384615384615385,
    0.0018181818181818182,
    0.0,
    0.0027619047619047623
  ]
}