{
  "densities": [
    0.01,
    0.014927536231884059,
    0.019855072463768116,
    0.024782608695652172,
    0.02971014492753623,
    0.034637681159420286,
    0.03956521739130435,
    0.04449275362318841,
    0.04942028985507246,
    0.05434782608695652,
    0.05927536231884058,
    0.06420289855072463,
    0.06913043478260869,
    0.07405797101449274,
    0.0789855072463768,
    0.08391304347826085,
    0.08884057971014492,
    0.09376811594202898,
    0.09869565217391303,
    0.1036231884057971,
    0.10855072463768115,
    0.11347826086956521,
    0.11840579710144926,
    0.12333333333333332,
    0.1282608695652174,
    0.13318840579710145,
    0.1381159420289855,
    0.14304347826086958,
    0.14797101449275363,
    0.15289855072463768,
    0.15782608695652173,
    0.1627536231884058,
    0.16768115942028985,
    0.1726086956521739,
    0.17753623188405798,
    0.18246376811594203,
    0.18739130434782608,
    0.19231884057971013,
    0.1972463768115942,
    0.20217391304347826,
    0.2071014492753623,
    0.2120289855072464,
    0.21695652173913044,
    0.2218840579710145,
    0.22681159420289854,
    0.23173913043478261,
    0.23666666666666666,
    0.24159420289855071,
    0.2465217391304348,
    0.2514492753623188,
    0.2563768115942029,
    0.26130434782608697,
    0.266231884057971,
    0.27115942028985507,
    0.27608695652173915,
    0.28101449275362317,
    0.28594202898550725,
    0.2908695652173913,
    0.29579710144927535,
    0.3007246376811594,
    0.30565217391304345,
    0.3105797101449275,
    0.3155072463768116,
    0.3204347826086956,
    0.3253623188405797,
    0.3302898550724638,
    0.3352173913043478,
    0.3401449275362319,
    0.34507246376811596,
    0.35
  ],
  "seed": 13917525013123366524,
  "num_samples": 50,
  "before_claw_free": [
    0.92,
    0.78,
    0.92,
    0.82,
    0.84,
    0.68,
    0.76,
    0.62,
    0.62,
    0.74,
    0.6,
    0.62,
    0.46,
    0.44,
    0.44,
    0.4,
    0.38,
    0.46,
    0.38,
    0.3,
    0.3,
    0.28,
    0.16,
    0.26,
    0.08,
    0.2,
    0.16,
    0.14,
    0.12,
    0.1,
    0.14,
    0.22,
    0.12,
    0.12,
    0.06,
    0.12,
    0.12,
    0.16,
    0.02,
    0.04,
    0.0,
    0.06,
    0.0,
    0.02,
    0.02,
    0.02,
    0.04,
    0.02,
    0.02,
    0.02,
    0.0,
    0.02,
    0.0,
    0.0,
    0.0,
    0.0,
    0.0,
    0.0,
    0.0,
    0.0,
    0.0,
    0.0,
    0.02,
    0.0,
    0.0,
    0.02,
    0.02,
    0.02,
    0.0,
    0.0
  ],
  "before_simplicial": [
    0.92,
    0.78,
    0.92,
    0.82,
    0.84,
    0.68,
    0.76,
    0.62,
    0.62,
    0.7,
    0.56,
    0.62,
    0.46,
    0.44,
    0.42,
    0.4,
    0.38,
    0.44,
    0.38,
    0.3,
    0.3,
    0.28,
    0.16,
    0.22,
    0.08,
    0.2,
    0.16,
    0.14,
    0.12,
    0.1,
    0.14,
    0.2,
    0.12,
    0.12,
    0.06,
    0.12,
    0.12,
    0.16,
    0.02,
    0.02,
    0.0,
    0.06,
    0.0,
    0.02,
    0.02,
    0.02,
    0.04,
    0.02,
    0.02,
    0.0,
    0.0,
    0.02,
    0.0,
    0.0,
    0.0,
    0.0,
    0.0,
    0.0,
    0.0,
    0.0,
    0.0,
    0.0,
    0.02,
    0.0,
    0.0,
    0.02,
    0.02,
    0.02,
    0.0,
    0.0
  ],
  "after_claw_free": [
    0.92,
    0.78,
    0.92,
    0.82,
    0.84,
    0.68,
    0.76,
    0.66,
    0.66,
    0.74,
    0.64,
    0.62,
    0.5,
    0.46,
    0.46,
    0.42,
    0.4,
    0.46,
    0.42,
    0.32,
    0.3,
    0.28,
    0.2,
    0.3,
    0.1,
    0.24,
    0.16,
    0.2,
    0.12,
    0.1,
    0.14,
    0.28,
    0.16,
    0.12,
    0.08,
    0.12,
    0.12,
    0.18,
    0.02,
    0.06,
    0.02,
    0.06,
    0.0,
    0.02,
    0.04,
    0.02,
    0.04,
    0.02,
    0.02,
    0.02,
    0.0,
    0.02,
    0.0,
    0.0,
    0.0,
    0.02,
    0.0,
    0.0,
    0.0,
    0.0,
    0.0,
    0.0,
    0.02,
    0.0,
    0.0,
    0.02,
    0.02,
    0.02,
    0.0,
    0.0
  ],
  "after_simplicial": [
    0.92,
    0.78,
    0.92,
    0.82,
    0.84,
    0.68,
    0.76,
    0.66,
    0.66,
    0.7,
    0.6,
    0.62,
    0.5,
    0.46,
    0.44,
    0.42,
    0.4,
    0.44,
    0.42,
    0.32,
    0.3,
    0.28,
    0.2,
    0.26,
    0.1,
    0.24,
    0.16,
    0.2,
    0.12,
    0.1,
    0.14,
    0.26,
    0.16,
    0.12,
    0.08,
    0.12,
    0.12,
    0.18,
    0.02,
    0.04,
    0.02,
    0.06,
    0.0,
    0.02,
    0.04,
    0.02,
    0.04,
    0.02,
    0.02,
    0.0,
    0.0,
    0.02,
    0.0,
    0.0,
    0.0,
    0.02,
    0.0,
    0.0,
    0.0,
    0.0,
    0.0,
    0.0,
    0.02,
    0.0,
    0.0,
    0.02,
    0.02,
    0.02,
    0.0,
    0.0
  ],
  "collapsed": [
    0.7311111111111113,
    0.41,
    0.5611111111111111,
    0.5303703703703704,
    0.47055555555555556,
    0.4381481481481481,
    0.39166666666666666,
    0.3583333333333333,
    0.3644444444444444,
    0.462936507936508,
    0.38437037037037036,
    0.31666666666666665,
    0.1958888888888889,
    0.16944444444444443,
    0.14211111111111108,
    0.22601851851851854,
    0.17981481481481482,
    0.2177777777777778,
    0.23281481481481478,
    0.1366666666666667,
    0.18455555555555556,
    0.14853703703703702,
    0.12230687830687831,
    0.08266666666666665,
    0.02919047619047619,
    0.13148148148148148,
    0.10656084656084656,
    0.12606349206349207,
    0.09400529100529101,
    0.06392592592592593,
    0.11498412698412701,
    0.1383015873015873,
    0.05887373737373736,
    0.12397883597883597,
    0.033,
    0.05118253968253969,
    0.12349735449735448,
    0.08911640211640211,
    0.032246031746031745,
    0.05866137566137566,
    0.04492063492063492,
    0.06088911088911089,
    0.012079365079365079,
    0.03054112554112554,
    0.05496031746031746,
    0.01821428571428571,
    0.04538167388167388,
    0.029350649350649346,
    0.010793650793650793,
    0.04321765271765272,
    0.033794372294372294,
    0.022579365079365078,
    0.015111832611832611,
    0.013632478632478634,
    0.02085714285714286,
    0.014936507936507937,
    0.021468253968253966,
    0.03837323787323787,
    0.036947330447330444,
    0.034570929070929075,
    0.02781818181818181,
    0.006538461538461538,
    0.026867243867243866,
    0.014301087801087799,
    0.018033189033189033,
    0.03247252747252747,
    0.023095238095238092,
    0.01,
    0.029303030303030303,
    0.009246031746031745
  ]
}
