{
  "densities": [
    0.1111111111111111,
    0.11600753295668549,
    0.12090395480225988,
    0.12580037664783428,
    0.13069679849340865,
    0.13559322033898305,
    0.14048964218455742,
    0.14538606403013182,
    0.1502824858757062,
    0.1551789077212806,
    0.160075329566855,
    0.16497175141242937,
    0.16986817325800377,
    0.17476459510357817,
    0.17966101694915254,
    0.1845574387947269,
    0.1894538606403013,
    0.1943502824858757,
    0.1992467043314501,
    0.20414312617702446,
    0.20903954802259886,
    0.21393596986817326,
    0.21883239171374763,
    0.22372881355932203,
    0.22862523540489643,
    0.2335216572504708,
    0.2384180790960452,
    0.24331450094161958,
    0.24821092278719398,
    0.25310734463276835,
    0.2580037664783428,
    0.26290018832391715,
    0.2677966101694915,
    0.2726930320150659,
    0.27758945386064027,
    0.2824858757062147,
    0.28738229755178907,
    0.2922787193973635,
    0.29717514124293787,
    0.30207156308851224,
    0.3069679849340866,
    0.311864406779661,
    0.3167608286252354,
    0.3216572504708098,
    0.3265536723163842,
    0.3314500941619586,
    0.33634651600753296,
    0.34124293785310733,
    0.3461393596986817,
    0.35103578154425613,
    0.3559322033898305,
    0.36082862523540493,
    0.3657250470809793,
    0.3706214689265537,
    0.37551789077212805,
    0.3804143126177024,
    0.38531073446327685,
    0.3902071563088512,
    0.3951035781544256,
    0.4
  ],
  "seed": 5012983252518435228,
  "num_samples": 50,
  "before_claw_free": [
    0.0,
    0.0,
    0.0,
    0.04,
    0.0,
    0.0,
    0.0,
    0.0,
    0.0,
    0.0,
    0.0,
    0.0,
    0.0,
    0.0,
    0.0,
    0.0,
    0.0,
    0.0,
    0.0,
    0.0,
    0.0,
    0.0,
    0.0,
    0.0,
    0.0,
    0.0,
    0.0,
    0.0,
    0.0,
    0.0,
    0.0,
    0.0,
    0.0,
    0.0,
    0.0,
    0.0,
    0.0,
    0.0,
    0.0,
    0.0,
    0.0,
    0.0,
    0.0,
    0.0,
    0.0,
    0.0,
    0.0,
    0.0,
    0.0,
    0.0,
    0.0,
    0.0,
    0.0,
    0.0,
    0.0,
    0.0,
    0.0,
    0.0,
    0.0,
    0.0
  ],
  "before_simplicial": [
    0.0,
    0.0,
    0.0,
    0.04,
    0.0,
    0.0,
    0.0,
    0.0,
    0.0,
    0.0,
    0.0,
    0.0,
    0.0,
    0.0,
    0.0,
    0.0,
    0.0,
    0.0,
    0.0,
    0.0,
    0.0,
    0.0,
    0.0,
    0.0,
    0.0,
    0.0,
    0.0,
    0.0,
    0.0,
    0.0,
    0.0,
    0.0,
    0.0,
    0.0,
    0.0,
    0.0,
    0.0,
    0.0,
    0.0,
    0.0,
    0.0,
    0.0,
    0.0,
    0.0,
    0.0,
    0.0,
    0.0,
    0.0,
    0.0,
    0.0,
    0.0,
    0.0,
    0.0,
    0.0,
    0.0,
    0.0,
    0.0,
    0.0,
    0.0,
    0.0
  ],
  "after_claw_free": [
    0.0,
    0.0,
    0.0,
    0.04,
    0.0,
    0.0,
    0.0,
    0.0,
    0.0,
    0.0,
    0.0,
    0.0,
    0.0,
    0.0,
    0.0,
    0.0,
    0.0,
    0.0,
    0.0,
    0.0,
    0.0,
    0.0,
    0.0,
    0.0,
    0.0,
    0.0,
    0.0,
    0.0,
    0.0,
    0.0,
    0.0,
    0.0,
    0.0,
    0.0,
    0.0,
    0.0,
    0.0,
    0.0,
    0.0,
    0.0,
    0.0,
    0.0,
    0.0,
    0.0,
    0.0,
    0.0,
    0.0,
    0.0,
    0.0,
    0.0,
    0.0,
    0.0,
    0.0,
    0.0,
    0.0,
    0.0,
    0.0,
    0.0,
    0.0,
    0.0
  ],
  "after_simplicial": [
    0.0,
    0.0,
    0.0,
    0.04,
    0.0,
    0.0,
    0.0,
    0.0,
    0.0,
    0.0,
    0.0,
    0.0,
    0.0,
    0.0,
    0.0,
    0.0,
    0.0,
    0.0,
    0.0,
    0.0,
    0.0,
    0.0,
    0.0,
    0.0,
    0.0,
    0.0,
    0.0,
    0.0,
    0.0,
    0.0,
    0.0,
    0.0,
    0.0,
    0.0,
    0.0,
    0.0,
    0.0,
    0.0,
    0.0,
    0.0,
    0.0,
    0.0,
    0.0,
    0.0,
    0.0,
    0.0,
    0.0,
    0.0,
    0.0,
    0.0,
    0.0,
    0.0,
    0.0,
    0.0,
    0.0,
    0.0,
    0.0,
    0.0,
    0.0,
    0.0
  ],
  "collapsed": [
    0.014285714285714284,
    0.019166666666666665,
    0.013564213564213563,
    0.03293650793650794,
    0.02464285714285714,
    0.014357142857142857,
    0.02595634920634921,
    0.015273809523809525,
    0.012777777777777779,
    0.030908230658230656,
    0.017718253968253966,
    0.02649350649350649,
    0.018607142857142857,
    0.027367243867243863,
    0.026023809523809525,
    0.02856024531024531,
    0.015410173160173159,
    0.01392085692085692,
    0.010243506493506494,
    0.01585014985014985,
    0.01816017316017316,
    0.012303030303030302,
    0.017634920634920635,
    0.013327561327561329,
    0.006818181818181819,
    0.017037878787878786,
    0.010023310023310023,
    0.01755722055722056,
    0.013365800865800866,
    0.0077668997668997675,
    0.006428571428571428,
    0.011347410759175464,
    0.00792929292929293,
    0.010064935064935065,
    0.009803030303030303,
    0.0038181818181818182,
    0.008565359477124182,
    0.003472222222222222,
    0.01031818181818182,
    0.01093997668997669,
    0.004743589743589743,
    0.004299384825700615,
    0.005,
    0.007678571428571429,
    0.004967032967032967,
    0.001176470588235294,
    0.0016666666666666666,
    0.0060757575757575755,
    0.0025396825396825397,
    0.0025098039215686275,
    0.0014285714285714286,
    0.0027884615384615387,
    0.0,
    0.0,
    0.004093137254901961,
    0.0,
    0.005616605616605617,
    0.0018181818181818182,
    0.0,
    0.005595238095238095
  ]
}