{
  "densities": [
    0.1111111111111111,
    0.11600753295668549,
    0.12090395480225988,
    0.12580037664783428,
    0.13069679849340865,
    0.13559322033898305,
    0.14048964218455742,
    0.14538606403013182,
    0.1502824858757062,
    0.1551789077212806,
    0.160075329566855,
    0.16497175141242937,
    0.16986817325800377,
    0.17476459510357817,
    0.17966101694915254,
    0.1845574387947269,
    0.1894538606403013,
    0.1943502824858757,
    0.1992467043314501,
    0.20414312617702446,
    0.20903954802259886,
    0.21393596986817326,
    0.21883239171374763,
    0.22372881355932203,
    0.22862523540489643,
    0.2335216572504708,
    0.2384180790960452,
    0.24331450094161958,
    0.24821092278719398,
    0.25310734463276835,
    0.2580037664783428,
    0.26290018832391715,
    0.2677966101694915,
    0.2726930320150659,
    0.27758945386064027,
    0.2824858757062147,
    0.28738229755178907,
    0.2922787193973635,
    0.29717514124293787,
    0.30207156308851224,
    0.3069679849340866,
    0.311864406779661,
    0.3167608286252354,
    0.3216572504708098,
    0.3265536723163842,
    0.3314500941619586,
    0.33634651600753296,
    0.34124293785310733,
    0.3461393596986817,
    0.35103578154425613,
    0.3559322033898305,
    0.36082862523540493,
    0.3657250470809793,
    0.3706214689265537,
    0.37551789077212805,
    0.3804143126177024,
    0.38531073446327685,
    0.3902071563088512,
    0.3951035781544256,
    0.4
  ],
  "seed": 13695457515921859650,
  "num_samples": 50,
  "before_claw_free": [
    0.0,
    0.0,
    0.0,
    0.0,
    0.0,
    0.0,
    0.02,
    0.02,
    0.0,
    0.0,
    0.0,
    0.0,
    0.02,
    0.0,
    0.0,
    0.0,
    0.0,
    0.0,
    0.0,
    0.0,
    0.0,
    0.0,
    0.0,
    0.0,
    0.0,
    0.0,
    0.0,
    0.0,
    0.0,
    0.0,
    0.0,
    0.0,
    0.0,
    0.0,
    0.0,
    0.0,
    0.0,
    0.0,
    0.0,
    0.0,
    0.0,
    0.0,
    0.0,
    0.0,
    0.0,
    0.0,
    0.0,
    0.0,
    0.0,
    0.0,
    0.0,
    0.0,
    0.0,
    0.0,
    0.0,
    0.0,
    0.0,
    0.0,
    0.0,
    0.0
  ],
  "before_simplicial": [
    0.0,
    0.0,
    0.0,
    0.0,
    0.0,
    0.0,
    0.02,
    0.02,
    0.0,
    0.0,
    0.0,
    0.0,
    0.02,
    0.0,
    0.0,
    0.0,
    0.0,
    0.0,
    0.0,
    0.0,
    0.0,
    0.0,
    0.0,
    0.0,
    0.0,
    0.0,
    0.0,
    0.0,
    0.0,
    0.0,
    0.0,
    0.0,
    0.0,
    0.0,
    0.0,
    0.0,
    0.0,
    0.0,
    0.0,
    0.0,
    0.0,
    0.0,
    0.0,
    0.0,
    0.0,
    0.0,
    0.0,
    0.0,
    0.0,
    0.0,
    0.0,
    0.0,
    0.0,
    0.0,
    0.0,
    0.0,
    0.0,
    0.0,
    0.0,
    0.0
  ],
  "after_claw_free": [
    0.0,
    0.0,
    0.0,
    0.0,
    0.0,
    0.0,
    0.02,
    0.02,
    0.0,
    0.0,
    0.0,
    0.0,
    0.02,
    0.0,
    0.0,
    0.0,
    0.0,
    0.0,
    0.0,
    0.0,
    0.0,
    0.0,
    0.0,
    0.02,
    0.0,
    0.0,
    0.0,
    0.0,
    0.0,
    0.0,
    0.0,
    0.0,
    0.0,
    0.0,
    0.0,
    0.0,
    0.0,
    0.0,
    0.0,
    0.0,
    0.0,
    0.0,
    0.0,
    0.0,
    0.0,
    0.0,
    0.0,
    0.0,
    0.0,
    0.0,
    0.0,
    0.0,
    0.0,
    0.0,
    0.0,
    0.0,
    0.0,
    0.0,
    0.0,
    0.0
  ],
  "after_simplicial": [
    0.0,
    0.0,
    0.0,
    0.0,
    0.0,
    0.0,
    0.02,
    0.02,
    0.0,
    0.0,
    0.0,
    0.0,
    0.02,
    0.0,
    0.0,
    0.0,
    0.0,
    0.0,
    0.0,
    0.0,
    0.0,
    0.0,
    0.0,
    0.02,
    0.0,
    0.0,
    0.0,
    0.0,
    0.0,
    0.0,
    0.0,
    0.0,
    0.0,
    0.0,
    0.0,
    0.0,
    0.0,
    0.0,
    0.0,
    0.0,
    0.0,
    0.0,
    0.0,
    0.0,
    0.0,
    0.0,
    0.0,
    0.0,
    0.0,
    0.0,
    0.0,
    0.0,
    0.0,
    0.0,
    0.0,
    0.0,
    0.0,
    0.0,
    0.0,
    0.0
  ],
  "collapsed": [
    0.02168253968253968,
    0.028904761904761905,
    0.026295093795093795,
    0.027032467532467533,
    0.02938095238095238,
    0.04638095238095238,
    0.020507936507936506,
    0.021126984126984126,
    0.013064213564213565,
    0.018976190476190473,
    0.02776068376068376,
    0.03798412698412698,
    0.02153246753246753,
    0.01854761904761905,
    0.02736976911976912,
    0.010564213564213564,
    0.01416017316017316,
    0.01615079365079365,
    0.005694444444444444,
    0.014027777777777776,
    0.021365079365079365,
    0.019661838161838162,
    0.009007437007437008,
    0.022754689754689753,
    0.011318181818181818,
    0.015358807858807859,
    0.006761904761904762,
    0.02191269841269841,
    0.006731601731601732,
    0.013500000000000002,
    0.00941147741147741,
    0.0117991452991453,
    0.01353846153846154,
    0.006805555555555556,
    0.016968253968253966,
    0.013573517985282692,
    0.022388111888111892,
    0.003205128205128205,
    0.006330891330891331,
    0.0013333333333333333,
    0.00496969696969697,
    0.016298265460030166,
    0.0072204266321913395,
    0.007866447278211985,
    0.0065054945054945044,
    0.0030681818181818184,
    0.004871794871794871,
    0.0013333333333333333,
    0.0075867269984917045,
    0.003630952380952381,
    0.005521367521367521,
    0.0024444444444444444,
    0.003,
    0.0035555555555555553,
    0.0029166666666666664,
    0.001176470588235294,
    0.0028431372549019606,
    0.00125,
    0.003916666666666666,
    0.004890756302521008
  ]
}