{
  "densities": [
    0.1111111111111111,
    0.11600753295668549,
    0.12090395480225988,
    0.12580037664783428,
    0.13069679849340865,
    0.13559322033898305,
    0.14048964218455742,
    0.14538606403013182,
    0.1502824858757062,
    0.1551789077212806,
    0.160075329566855,
    0.16497175141242937,
    0.16986817325800377,
    0.17476459510357817,
    0.17966101694915254,
    0.1845574387947269,
    0.1894538606403013,
    0.1943502824858757,
    0.1992467043314501,
    0.20414312617702446,
    0.20903954802259886,
    0.21393596986817326,
    0.21883239171374763,
    0.22372881355932203,
    0.22862523540489643,
    0.2335216572504708,
    0.2384180790960452,
    0.24331450094161958,
    0.24821092278719398,
    0.25310734463276835,
    0.2580037664783428,
    0.26290018832391715,
    0.2677966101694915,
    0.2726930320150659,
    0.27758945386064027,
    0.2824858757062147,
    0.28738229755178907,
    0.2922787193973635,
    0.29717514124293787,
    0.30207156308851224,
    0.3069679849340866,
    0.311864406779661,
    0.3167608286252354,
    0.3216572504708098,
    0.3265536723163842,
    0.3314500941619586,
    0.33634651600753296,
    0.34124293785310733,
    0.3461393596986817,
    0.35103578154425613,
    0.3559322033898305,
    0.36082862523540493,
    0.3657250470809793,
    0.3706214689265537,
    0.37551789077212805,
    0.3804143126177024,
    0.38531073446327685,
    0.3902071563088512,
    0.3951035781544256,
    0.4
  ],
  "seed": 13045217804150526289,
  "num_samples": 50,
  "before_claw_free": [
    0.04,
    0.08,
    0.02,
    0.02,
    0.0,
    0.02,
    0.02,
    0.0,
    0.02,
    0.0,
    0.0,
    0.0,
    0.0,
    0.0,
    0.0,
    0.0,
    0.0,
    0.02,
    0.02,
    0.0,
    0.0,
    0.0,
    0.0,
    0.0,
    0.0,
    0.0,
    0.0,
    0.02,
    0.0,
    0.0,
    0.0,
    0.0,
    0.0,
    0.0,
    0.0,
    0.0,
    0.0,
    0.0,
    0.0,
    0.0,
    0.0,
    0.0,
    0.0,
    0.0,
    0.0,
    0.0,
    0.0,
    0.0,
    0.0,
    0.0,
    0.0,
    0.0,
    0.0,
    0.0,
    0.0,
    0.0,
    0.0,
    0.0,
    0.0,
    0.0
  ],
  "before_simplicial": [
    0.04,
    0.08,
    0.02,
    0.02,
    0.0,
    0.02,
    0.02,
    0.0,
    0.02,
    0.0,
    0.0,
    0.0,
    0.0,
    0.0,
    0.0,
    0.0,
    0.0,
    0.02,
    0.02,
    0.0,
    0.0,
    0.0,
    0.0,
    0.0,
    0.0,
    0.0,
    0.0,
    0.02,
    0.0,
    0.0,
    0.0,
    0.0,
    0.0,
    0.0,
    0.0,
    0.0,
    0.0,
    0.0,
    0.0,
    0.0,
    0.0,
    0.0,
    0.0,
    0.0,
    0.0,
    0.0,
    0.0,
    0.0,
    0.0,
    0.0,
    0.0,
    0.0,
    0.0,
    0.0,
    0.0,
    0.0,
    0.0,
    0.0,
    0.0,
    0.0
  ],
  "after_claw_free": [
    0.04,
    0.08,
    0.02,
    0.02,
    0.0,
    0.02,
    0.02,
    0.0,
    0.02,
    0.0,
    0.0,
    0.0,
    0.0,
    0.0,
    0.0,
    0.0,
    0.0,
    0.02,
    0.02,
    0.0,
    0.0,
    0.0,
    0.0,
    0.0,
    0.0,
    0.0,
    0.0,
    0.02,
    0.0,
    0.0,
    0.0,
    0.0,
    0.0,
    0.0,
    0.0,
    0.0,
    0.0,
    0.0,
    0.0,
    0.0,
    0.0,
    0.0,
    0.0,
    0.0,
    0.0,
    0.0,
    0.0,
    0.0,
    0.0,
    0.0,
    0.0,
    0.0,
    0.0,
    0.0,
    0.0,
    0.0,
    0.0,
    0.0,
    0.0,
    0.0
  ],
  "after_simplicial": [
    0.04,
    0.08,
    0.02,
    0.02,
    0.0,
    0.02,
    0.02,
    0.0,
    0.02,
    0.0,
    0.0,
    0.0,
    0.0,
    0.0,
    0.0,
    0.0,
    0.0,
    0.02,
    0.02,
    0.0,
    0.0,
    0.0,
    0.0,
    0.0,
    0.0,
    0.0,
    0.0,
    0.02,
    0.0,
    0.0,
    0.0,
    0.0,
    0.0,
    0.0,
    0.0,
    0.0,
    0.0,
    0.0,
    0.0,
    0.0,
    0.0,
    0.0,
    0.0,
    0.0,
    0.0,
    0.0,
    0.0,
    0.0,
    0.0,
    0.0,
    0.0,
    0.0,
    0.0,
    0.0,
    0.0,
    0.0,
    0.0,
    0.0,
    0.0,
    0.0
  ],
  "collapsed": [
    0.002857142857142857,
    0.024841269841269838,
    0.0234047619047619,
    0.019126984126984128,
    0.0230952380952381,
    0.03567532467532468,
    0.025492063492063496,
    0.01973015873015873,
    0.027382395382395383,
    0.02836904761904762,
    0.015416666666666665,
    0.01485858585858586,
    0.031848706848706845,
    0.019204545454545453,
    0.0038181818181818182,
    0.024048340548340548,
    0.015523809523809521,
    0.024441919191919192,
    0.010303030303030303,
    0.009523809523809523,
    0.015215728715728714,
    0.023075396825396822,
    0.010647546897546899,
    0.01579020979020979,
    0.02559090909090909,
    0.018745532245532246,
    0.012258158508158508,
    0.015919191919191916,
    0.01176190476190476,
    0.007990342990342991,
    0.03447064047064047,
    0.007064935064935065,
    0.006323676323676324,
    0.003333333333333333,
    0.0067460317460317455,
    0.0076327181590339485,
    0.010755494505494505,
    0.01741819291819292,
    0.0070233100233100245,
    0.005484848484848486,
    0.018626484626484627,
    0.0014285714285714286,
    0.007818181818181818,
    0.006428571428571428,
    0.006344017094017094,
    0.007449780611545318,
    0.00845188145188145,
    0.002857142857142857,
    0.0027619047619047623,
    0.004285714285714285,
    0.0,
    0.0041111111111111105,
    0.001,
    0.005288461538461539,
    0.0013333333333333333,
    0.00584313725490196,
    0.0018181818181818182,
    0.0009090909090909091,
    0.0036764705882352945,
    0.0070624355005159956
  ]
}