{
  "densities": [
    0.01,
    0.014927536231884059,
    0.019855072463768116,
    0.024782608695652172,
    0.02971014492753623,
    0.034637681159420286,
    0.03956521739130435,
    0.04449275362318841,
    0.04942028985507246,
    0.05434782608695652,
    0.05927536231884058,
    0.06420289855072463,
    0.06913043478260869,
    0.07405797101449274,
    0.0789855072463768,
    0.08391304347826085,
    0.08884057971014492,
    0.09376811594202898,
    0.09869565217391303,
    0.1036231884057971,
    0.10855072463768115,
    0.11347826086956521,
    0.11840579710144926,
    0.12333333333333332,
    0.1282608695652174,
    0.13318840579710145,
    0.1381159420289855,
    0.14304347826086958,
    0.14797101449275363,
    0.15289855072463768,
    0.15782608695652173,
    0.1627536231884058,
    0.16768115942028985,
    0.1726086956521739,
    0.17753623188405798,
    0.18246376811594203,
    0.18739130434782608,
    0.19231884057971013,
    0.1972463768115942,
    0.20217391304347826,
    0.2071014492753623,
    0.2120289855072464,
    0.21695652173913044,
    0.2218840579710145,
    0.22681159420289854,
    0.23173913043478261,
    0.23666666666666666,
    0.24159420289855071,
    0.2465217391304348,
    0.2514492753623188,
    0.2563768115942029,
    0.26130434782608697,
    0.266231884057971,
    0.27115942028985507,
    0.27608695652173915,
    0.28101449275362317,
    0.28594202898550725,
    0.2908695652173913,
    0.29579710144927535,
    0.3007246376811594,
    0.30565217391304345,
    0.3105797101449275,
    0.3155072463768116,
    0.3204347826086956,
    0.3253623188405797,
    0.3302898550724638,
    0.3352173913043478,
    0.3401449275362319,
    0.34507246376811596,
    0.35
  ],
  "seed": 4368515269914071280,
  "num_samples": 50,
  "before_claw_free": [
    0.94,
    0.98,
    0.82,
    0.84,
    0.78,
    0.68,
    0.6,
    0.66,
    0.56,
    0.58,
    0.6,
    0.56,
    0.48,
    0.52,
    0.32,
    0.42,
    0.5,
    0.38,
    0.28,
    0.26,
    0.36,
    0.18,
    0.34,
    0.22,
    0.22,
    0.22,
    0.16,
    0.18,
    0.1,
    0.16,
    0.1,
    0.12,
    0.02,
    0.06,
    0.08,
    0.06,
    0.06,
    0.08,
    0.02,
    0.08,
    0.04,
    0.02,
    0.02,
    0.02,
    0.08,
    0.04,
    0.02,
    0.02,
    0.0,
    0.02,
    0.02,
    0.0,
    0.04,
    0.0,
    0.0,
    0.02,
    0.0,
    0.02,
    0.0,
    0.0,
    0.0,
    0.0,
    0.0,
    0.0,
    0.0,
    0.0,
    0.0,
    0.0,
    0.0,
    0.0
  ],
  "before_simplicial": [
    0.94,
    0.98,
    0.82,
    0.84,
    0.78,
    0.68,
    0.6,
    0.66,
    0.56,
    0.58,
    0.6,
    0.56,
    0.46,
    0.52,
    0.32,
    0.4,
    0.48,
    0.38,
    0.28,
    0.26,
    0.36,
    0.18,
    0.34,
    0.22,
    0.22,
    0.22,
    0.16,
    0.18,
    0.1,
    0.14,
    0.1,
    0.12,
    0.02,
    0.06,
    0.08,
    0.06,
    0.06,
    0.08,
    0.02,
    0.08,
    0.04,
    0.02,
    0.02,
    0.02,
    0.08,
    0.04,
    0.02,
    0.02,
    0.0,
    0.02,
    0.02,
    0.0,
    0.04,
    0.0,
    0.0,
    0.02,
    0.0,
    0.02,
    0.0,
    0.0,
    0.0,
    0.0,
    0.0,
    0.0,
    0.0,
    0.0,
    0.0,
    0.0,
    0.0,
    0.0
  ],
  "after_claw_free": [
    0.94,
    0.98,
    0.84,
    0.84,
    0.82,
    0.68,
    0.6,
    0.66,
    0.58,
    0.64,
    0.64,
    0.58,
    0.5,
    0.52,
    0.38,
    0.46,
    0.52,
    0.4,
    0.3,
    0.26,
    0.4,
    0.24,
    0.38,
    0.24,
    0.22,
    0.24,
    0.18,
    0.18,
    0.12,
    0.16,
    0.14,
    0.14,
    0.04,
    0.06,
    0.08,
    0.06,
    0.06,
    0.1,
    0.02,
    0.08,
    0.04,
    0.02,
    0.02,
    0.02,
    0.08,
    0.04,
    0.02,
    0.02,
    0.0,
    0.02,
    0.02,
    0.0,
    0.04,
    0.0,
    0.0,
    0.02,
    0.0,
    0.02,
    0.0,
    0.0,
    0.0,
    0.02,
    0.0,
    0.0,
    0.0,
    0.0,
    0.0,
    0.0,
    0.0,
    0.0
  ],
  "after_simplicial": [
    0.94,
    0.98,
    0.84,
    0.84,
    0.82,
    0.68,
    0.6,
    0.66,
    0.58,
    0.64,
    0.64,
    0.58,
    0.48,
    0.52,
    0.38,
    0.44,
    0.5,
    0.4,
    0.3,
    0.26,
    0.4,
    0.24,
    0.38,
    0.24,
    0.22,
    0.24,
    0.18,
    0.18,
    0.12,
    0.14,
    0.14,
    0.14,
    0.04,
    0.06,
    0.08,
    0.06,
    0.06,
    0.1,
    0.02,
    0.08,
    0.04,
    0.02,
    0.02,
    0.02,
    0.08,
    0.04,
    0.02,
    0.02,
    0.0,
    0.02,
    0.02,
    0.0,
    0.04,
    0.0,
    0.0,
    0.02,
    0.0,
    0.02,
    0.0,
    0.0,
    0.0,
    0.02,
    0.0,
    0.0,
    0.0,
    0.0,
    0.0,
    0.0,
    0.0,
    0.0
  ],
  "collapsed": [
    0.7011111111111111,
    0.6300000000000001,
    0.46888888888888886,
    0.4922222222222223,
    0.4572222222222222,
    0.3831481481481482,
    0.2906666666666667,
    0.2624074074074074,
    0.3001111111111111,
    0.2593703703703703,
    0.25981481481481483,
    0.30740740740740735,
    0.16603703703703704,
    0.19222222222222218,
    0.15274074074074073,
    0.2236349206349206,
    0.18937037037037036,
    0.12816666666666665,
    0.09652380952380951,
    0.11962962962962961,
    0.15770370370370368,
    0.07514814814814814,
    0.18094444444444446,
    0.14001058201058203,
    0.14309259259259258,
    0.07252380952380952,
    0.10991181657848323,
    0.14955555555555555,
    0.05866666666666667,
    0.08401851851851852,
    0.07655555555555554,
    0.09743458393458393,
    0.036310245310245313,
    0.044515873015873016,
    0.05338888888888889,
    0.06113492063492064,
    0.0855952380952381,
    0.0651031746031746,
    0.05167195767195767,
    0.07243650793650792,
    0.02461904761904762,
    0.032023809523809524,
    0.022055555555555557,
    0.023603174603174605,
    0.033128427128427125,
    0.041417989417989416,
    0.027682539682539684,
    0.027334054834054832,
    0.010190476190476189,
    0.026675324675324675,
    0.059243225909892575,
    0.00576068376068376,
    0.01768037518037518,
    0.0210959595959596,
    0.035223665223665226,
    0.013665223665223665,
    0.03404761904761905,
    0.03015151515151515,
    0.017580808080808082,
    0.021149572649572644,
    0.011206349206349206,
    0.01585858585858586,
    0.015151515151515152,
    0.02584219484219484,
    0.035706571206571204,
    0.01364957264957265,
    0.012927350427350427,
    0.027311188811188814,
    0.017176767676767676,
    0.012243589743589745
  ]
}