{
  "densities": [
    0.01,
    0.014927536231884059,
    0.019855072463768116,
    0.024782608695652172,
    0.02971014492753623,
    0.034637681159420286,
    0.03956521739130435,
    0.04449275362318841,
    0.04942028985507246,
    0.05434782608695652,
    0.05927536231884058,
    0.06420289855072463,
    0.06913043478260869,
    0.07405797101449274,
    0.0789855072463768,
    0.08391304347826085,
    0.08884057971014492,
    0.09376811594202898,
    0.09869565217391303,
    0.1036231884057971,
    0.10855072463768115,
    0.11347826086956521,
    0.11840579710144926,
    0.12333333333333332,
    0.1282608695652174,
    0.13318840579710145,
    0.1381159420289855,
    0.14304347826086958,
    0.14797101449275363,
    0.15289855072463768,
    0.15782608695652173,
    0.1627536231884058,
    0.16768115942028985,
    0.1726086956521739,
    0.17753623188405798,
    0.18246376811594203,
    0.18739130434782608,
    0.19231884057971013,
    0.1972463768115942,
    0.20217391304347826,
    0.2071014492753623,
    0.2120289855072464,
    0.21695652173913044,
    0.2218840579710145,
    0.22681159420289854,
    0.23173913043478261,
    0.23666666666666666,
    0.24159420289855071,
    0.2465217391304348,
    0.2514492753623188,
    0.2563768115942029,
    0.26130434782608697,
    0.266231884057971,
    0.27115942028985507,
    0.27608695652173915,
    0.28101449275362317,
    0.28594202898550725,
    0.2908695652173913,
    0.29579710144927535,
    0.3007246376811594,
    0.30565217391304345,
    0.3105797101449275,
    0.3155072463768116,
    0.3204347826086956,
    0.3253623188405797,
    0.3302898550724638,
    0.3352173913043478,
    0.3401449275362319,
    0.34507246376811596,
    0.35
  ],
  "seed": 3479974427259089276,
  "num_samples": 50,
  "before_claw_free": [
    0.88,
    0.98,
    0.86,
    0.76,
    0.84,
    0.74,
    0.66,
    0.66,
    0.62,
    0.52,
    0.54,
    0.48,
    0.5,
    0.54,
    0.44,
    0.34,
    0.26,
    0.42,
    0.38,
    0.32,
    0.44,
    0.34,
    0.18,
    0.12,
    0.24,
    0.38,
    0.18,
    0.22,
    0.1,
    0.18,
    0.06,
    0.08,
    0.08,
    0.16,
    0.02,
    0.04,
    0.1,
    0.04,
    0.04,
    0.08,
    0.06,
    0.06,
    0.0,
    0.04,
    0.0,
    0.06,
    0.04,
    0.02,
    0.08,
    0.02,
    0.04,
    0.0,
    0.0,
    0.0,
    0.0,
    0.0,
    0.0,
    0.0,
    0.0,
    0.0,
    0.0,
    0.0,
    0.0,
    0.0,
    0.02,
    0.0,
    0.0,
    0.0,
    0.0,
    0.0
  ],
  "before_simplicial": [
    0.88,
    0.98,
    0.86,
    0.76,
    0.82,
    0.74,
    0.66,
    0.66,
    0.62,
    0.52,
    0.54,
    0.44,
    0.5,
    0.54,
    0.44,
    0.34,
    0.26,
    0.42,
    0.34,
    0.32,
    0.44,
    0.34,
    0.16,
    0.12,
    0.22,
    0.38,
    0.18,
    0.22,
    0.1,
    0.16,
    0.06,
    0.08,
    0.08,
    0.14,
    0.02,
    0.04,
    0.08,
    0.04,
    0.04,
    0.08,
    0.04,
    0.06,
    0.0,
    0.04,
    0.0,
    0.06,
    0.02,
    0.02,
    0.08,
    0.02,
    0.04,
    0.0,
    0.0,
    0.0,
    0.0,
    0.0,
    0.0,
    0.0,
    0.0,
    0.0,
    0.0,
    0.0,
    0.0,
    0.0,
    0.02,
    0.0,
    0.0,
    0.0,
    0.0,
    0.0
  ],
  "after_claw_free": [
    0.88,
    0.98,
    0.86,
    0.76,
    0.86,
    0.76,
    0.68,
    0.68,
    0.62,
    0.54,
    0.54,
    0.52,
    0.54,
    0.56,
    0.48,
    0.4,
    0.32,
    0.44,
    0.38,
    0.34,
    0.48,
    0.34,
    0.18,
    0.12,
    0.26,
    0.38,
    0.2,
    0.26,
    0.1,
    0.18,
    0.1,
    0.08,
    0.08,
    0.18,
    0.06,
    0.04,
    0.14,
    0.04,
    0.04,
    0.08,
    0.06,
    0.06,
    0.0,
    0.04,
    0.0,
    0.06,
    0.04,
    0.02,
    0.08,
    0.02,
    0.04,
    0.0,
    0.02,
    0.0,
    0.0,
    0.0,
    0.0,
    0.0,
    0.0,
    0.0,
    0.0,
    0.02,
    0.0,
    0.0,
    0.02,
    0.0,
    0.0,
    0.0,
    0.0,
    0.0
  ],
  "after_simplicial": [
    0.88,
    0.98,
    0.86,
    0.76,
    0.84,
    0.76,
    0.68,
    0.68,
    0.62,
    0.54,
    0.54,
    0.48,
    0.54,
    0.56,
    0.48,
    0.4,
    0.32,
    0.44,
    0.34,
    0.34,
    0.48,
    0.34,
    0.16,
    0.12,
    0.24,
    0.38,
    0.2,
    0.26,
    0.1,
    0.16,
    0.1,
    0.08,
    0.08,
    0.16,
    0.06,
    0.04,
    0.12,
    0.04,
    0.04,
    0.08,
    0.04,
    0.06,
    0.0,
    0.04,
    0.0,
    0.06,
    0.02,
    0.02,
    0.08,
    0.02,
    0.04,
    0.0,
    0.02,
    0.0,
    0.0,
    0.0,
    0.0,
    0.0,
    0.0,
    0.0,
    0.0,
    0.02,
    0.0,
    0.0,
    0.02,
    0.0,
    0.0,
    0.0,
    0.0,
    0.0
  ],
  "collapsed": [
    0.6055555555555557,
    0.6803703703703705,
    0.5288888888888889,
    0.4333333333333333,
    0.4592592592592593,
    0.46055555555555555,
    0.4203703703703704,
    0.25925925925925924,
    0.3155555555555556,
    0.2816666666666667,
    0.26925925925925925,
    0.27474074074074073,
    0.29166666666666663,
    0.17392592592592593,
    0.22851851851851848,
    0.1987883597883598,
    0.13825925925925925,
    0.24425925925925923,
    0.1128888888888889,
    0.14537037037037037,
    0.1852275132275132,
    0.09881481481481481,
    0.08773809523809523,
    0.08477777777777779,
    0.07085714285714285,
    0.1849259259259259,
    0.06156084656084656,
    0.09583333333333334,
    0.06563492063492063,
    0.09267195767195766,
    0.07716666666666666,
    0.06394444444444444,
    0.07283862433862434,
    0.13425132275132276,
    0.054071428571428576,
    0.07330952380952381,
    0.07753086419753087,
    0.018404761904761903,
    0.05679100529100529,
    0.06883862433862432,
    0.04465873015873015,
    0.052264550264550264,
    0.03307287157287157,
    0.013675324675324676,
    0.02388095238095238,
    0.08115079365079365,
    0.032341991341991345,
    0.01269047619047619,
    0.07112121212121213,
    0.07153174603174603,
    0.012607142857142857,
    0.02757142857142857,
    0.040197191697191686,
    0.017857142857142856,
    0.03609595959595959,
    0.004,
    0.026516594516594515,
    0.021489621489621483,
    0.018998279498279497,
    0.01569191919191919,
    0.019045454545454546,
    0.020658230658230657,
    0.02403318903318903,
    0.025571428571428568,
    0.028005291005291002,
    0.019591991341991345,
    0.0036363636363636364,
    0.009728937728937728,
    0.012811688311688312,
    0.017643162393162392
  ]
}