{
  "densities": [
    0.01,
    0.014927536231884059,
    0.019855072463768116,
    0.024782608695652172,
    0.02971014492753623,
    0.034637681159420286,
    0.03956521739130435,
    0.04449275362318841,
    0.04942028985507246,
    0.05434782608695652,
    0.05927536231884058,
    0.06420289855072463,
    0.06913043478260869,
    0.07405797101449274,
    0.0789855072463768,
    0.08391304347826085,
    0.08884057971014492,
    0.09376811594202898,
    0.09869565217391303,
    0.1036231884057971,
    0.10855072463768115,
    0.11347826086956521,
    0.11840579710144926,
    0.12333333333333332,
    0.1282608695652174,
    0.13318840579710145,
    0.1381159420289855,
    0.14304347826086958,
    0.14797101449275363,
    0.15289855072463768,
    0.15782608695652173,
    0.1627536231884058,
    0.16768115942028985,
    0.1726086956521739,
    0.17753623188405798,
    0.18246376811594203,
    0.18739130434782608,
    0.19231884057971013,
    0.1972463768115942,
    0.20217391304347826,
    0.2071014492753623,
    0.2120289855072464,
    0.21695652173913044,
    0.2218840579710145,
    0.22681159420289854,
    0.23173913043478261,
    0.23666666666666666,
    0.24159420289855071,
    0.2465217391304348,
    0.2514492753623188,
    0.2563768115942029,
    0.26130434782608697,
    0.266231884057971,
    0.27115942028985507,
    0.27608695652173915,
    0.28101449275362317,
    0.28594202898550725,
    0.2908695652173913,
    0.29579710144927535,
    0.3007246376811594,
    0.30565217391304345,
    0.3105797101449275,
    0.3155072463768116,
    0.3204347826086956,
    0.3253623188405797,
    0.3302898550724638,
    0.3352173913043478,
    0.3401449275362319,
    0.34507246376811596,
    0.35
  ],
  "seed": 804960396798602843,
  "num_samples": 50,
  "before_claw_free": [
    0.96,
    0.88,
    0.86,
    0.88,
    0.84,
    0.74,
    0.74,
    0.66,
    0.64,
    0.54,
    0.64,
    0.64,
    0.48,
    0.4,
    0.44,
    0.36,
    0.32,
    0.36,
    0.32,
    0.26,
    0.32,
    0.22,
    0.26,
    0.2,
    0.14,
    0.28,
    0.14,
    0.24,
    0.14,
    0.06,
    0.06,
    0.06,
    0.1,
    0.08,
    0.18,
    0.06,
    0.06,
    0.08,
    0.06,
    0.06,
    0.04,
    0.08,
    0.06,
    0.04,
    0.0,
    0.0,
    0.04,
    0.04,
    0.02,
    0.0,
    0.0,
    0.02,
    0.0,
    0.02,
    0.0,
    0.02,
    0.0,
    0.02,
    0.0,
    0.0,
    0.0,
    0.0,
    0.0,
    0.0,
    0.0,
    0.0,
    0.0,
    0.0,
    0.0,
    0.0
  ],
  "before_simplicial": [
    0.96,
    0.88,
    0.86,
    0.88,
    0.84,
    0.74,
    0.74,
    0.66,
    0.64,
    0.54,
    0.6,
    0.64,
    0.48,
    0.4,
    0.44,
    0.34,
    0.32,
    0.36,
    0.32,
    0.26,
    0.32,
    0.22,
    0.26,
    0.2,
    0.14,
    0.28,
    0.14,
    0.24,
    0.14,
    0.06,
    0.06,
    0.06,
    0.1,
    0.08,
    0.18,
    0.06,
    0.06,
    0.06,
    0.06,
    0.06,
    0.04,
    0.08,
    0.06,
    0.04,
    0.0,
    0.0,
    0.04,
    0.04,
    0.02,
    0.0,
    0.0,
    0.02,
    0.0,
    0.02,
    0.0,
    0.02,
    0.0,
    0.02,
    0.0,
    0.0,
    0.0,
    0.0,
    0.0,
    0.0,
    0.0,
    0.0,
    0.0,
    0.0,
    0.0,
    0.0
  ],
  "after_claw_free": [
    0.96,
    0.88,
    0.86,
    0.88,
    0.84,
    0.76,
    0.76,
    0.68,
    0.66,
    0.56,
    0.66,
    0.64,
    0.5,
    0.44,
    0.46,
    0.4,
    0.34,
    0.38,
    0.32,
    0.28,
    0.34,
    0.28,
    0.26,
    0.24,
    0.16,
    0.3,
    0.16,
    0.28,
    0.18,
    0.1,
    0.06,
    0.06,
    0.1,
    0.12,
    0.18,
    0.08,
    0.08,
    0.08,
    0.06,
    0.06,
    0.04,
    0.08,
    0.06,
    0.04,
    0.0,
    0.02,
    0.04,
    0.04,
    0.02,
    0.0,
    0.0,
    0.02,
    0.0,
    0.02,
    0.0,
    0.02,
    0.0,
    0.02,
    0.0,
    0.0,
    0.0,
    0.0,
    0.0,
    0.0,
    0.0,
    0.0,
    0.0,
    0.0,
    0.0,
    0.0
  ],
  "after_simplicial": [
    0.96,
    0.88,
    0.86,
    0.88,
    0.84,
    0.76,
    0.76,
    0.68,
    0.66,
    0.56,
    0.62,
    0.64,
    0.5,
    0.44,
    0.46,
    0.38,
    0.34,
    0.38,
    0.32,
    0.28,
    0.34,
    0.28,
    0.26,
    0.24,
    0.16,
    0.3,
    0.16,
    0.28,
    0.18,
    0.1,
    0.06,
    0.06,
    0.1,
    0.12,
    0.18,
    0.08,
    0.08,
    0.06,
    0.06,
    0.06,
    0.04,
    0.08,
    0.06,
    0.04,
    0.0,
    0.02,
    0.04,
    0.04,
    0.02,
    0.0,
    0.0,
    0.02,
    0.0,
    0.02,
    0.0,
    0.02,
    0.0,
    0.02,
    0.0,
    0.0,
    0.0,
    0.0,
    0.0,
    0.0,
    0.0,
    0.0,
    0.0,
    0.0,
    0.0,
    0.0
  ],
  "collapsed": [
    0.6055555555555556,
    0.6994444444444445,
    0.5911111111111113,
    0.6200000000000001,
    0.52,
    0.5411111111111111,
    0.34685185185185186,
    0.35962962962962963,
    0.2374074074074074,
    0.21888888888888888,
    0.31,
    0.2928148148148148,
    0.26237037037037036,
    0.20425925925925925,
    0.16370370370370366,
    0.2128148148148148,
    0.09396296296296296,
    0.21481481481481482,
    0.14103703703703704,
    0.16125925925925927,
    0.09296825396825398,
    0.09169047619047617,
    0.0951111111111111,
    0.08666666666666666,
    0.05974603174603175,
    0.07955555555555556,
    0.09438888888888888,
    0.09244444444444444,
    0.10415151515151515,
    0.03538095238095238,
    0.04079629629629629,
    0.06257142857142857,
    0.10338624338624337,
    0.06303968253968253,
    0.07626455026455027,
    0.09077657527657527,
    0.06363756613756615,
    0.028126984126984125,
    0.024761904761904763,
    0.031657848324514994,
    0.06049206349206348,
    0.031929292929292925,
    0.06595238095238094,
    0.03731746031746032,
    0.02265945165945166,
    0.045899470899470905,
    0.033118326118326116,
    0.04175468975468975,
    0.04634678284678285,
    0.02746847596847597,
    0.029539682539682536,
    0.037592592592592594,
    0.028075498575498573,
    0.049919432419432426,
    0.031779942279942276,
    0.02104834054834055,
    0.020540404040404043,
    0.033156288156288155,
    0.024801087801087803,
    0.028303011803011806,
    0.040745871412538076,
    0.010913419913419915,
    0.019645021645021646,
    0.023631535131535136,
    0.01877777777777778,
    0.011388888888888888,
    0.018688034188034188,
    0.009777777777777778,
    0.021247474747474748,
    0.021136363636363634
  ]
}