{
  "densities": [
    0.01,
    0.014927536231884059,
    0.019855072463768116,
    0.024782608695652172,
    0.02971014492753623,
    0.034637681159420286,
    0.03956521739130435,
    0.04449275362318841,
    0.04942028985507246,
    0.05434782608695652,
    0.05927536231884058,
    0.06420289855072463,
    0.06913043478260869,
    0.07405797101449274,
    0.0789855072463768,
    0.08391304347826085,
    0.08884057971014492,
    0.09376811594202898,
    0.09869565217391303,
    0.1036231884057971,
    0.10855072463768115,
    0.11347826086956521,
    0.11840579710144926,
    0.12333333333333332,
    0.1282608695652174,
    0.13318840579710145,
    0.1381159420289855,
    0.14304347826086958,
    0.14797101449275363,
    0.15289855072463768,
    0.15782608695652173,
    0.1627536231884058,
    0.16768115942028985,
    0.1726086956521739,
    0.17753623188405798,
    0.18246376811594203,
    0.18739130434782608,
    0.19231884057971013,
    0.1972463768115942,
    0.20217391304347826,
    0.2071014492753623,
    0.2120289855072464,
    0.21695652173913044,
    0.2218840579710145,
    0.22681159420289854,
    0.23173913043478261,
    0.23666666666666666,
    0.24159420289855071,
    0.2465217391304348,
    0.2514492753623188,
    0.2563768115942029,
    0.26130434782608697,
    0.266231884057971,
    0.27115942028985507,
    0.27608695652173915,
    0.28101449275362317,
    0.28594202898550725,
    0.2908695652173913,
    0.29579710144927535,
    0.3007246376811594,
    0.30565217391304345,
    0.3105797101449275,
    0.3155072463768116,
    0.3204347826086956,
    0.3253623188405797,
    0.3302898550724638,
    0.3352173913043478,
    0.3401449275362319,
    0.34507246376811596,
    0.35
  ],
  "seed": 17327502598461420735,
  "num_samples": 50,
  "before_claw_free": [
    0.96,
    0.92,
    0.72,
    0.88,
    0.82,
    0.66,
    0.62,
    0.72,
    0.66,
    0.6,
    0.68,
    0.58,
    0.5,
    0.44,
    0.42,
    0.48,
    0.38,
    0.3,
    0.4,
    0.36,
    0.22,
    0.2,
    0.22,
    0.26,
    0.2,
    0.2,
    0.32,
    0.22,
    0.18,
    0.18,
    0.14,
    0.04,
    0.1,
    0.1,
    0.02,
    0.02,
    0.06,
    0.1,
    0.0,
    0.02,
    0.04,
    0.02,
    0.02,
    0.06,
    0.0,
    0.1,
    0.04,
    0.02,
    0.0,
    0.0,
    0.0,
    0.02,
    0.0,
    0.02,
    0.0,
    0.04,
    0.0,
    0.0,
    0.0,
    0.0,
    0.0,
    0.0,
    0.0,
    0.0,
    0.0,
    0.0,
    0.0,
    0.0,
    0.0,
    0.0
  ],
  "before_simplicial": [
    0.96,
    0.92,
    0.72,
    0.88,
    0.8,
    0.66,
    0.62,
    0.72,
    0.66,
    0.6,
    0.68,
    0.58,
    0.5,
    0.44,
    0.42,
    0.48,
    0.38,
    0.3,
    0.38,
    0.36,
    0.22,
    0.2,
    0.22,
    0.26,
    0.2,
    0.18,
    0.32,
    0.22,
    0.18,
    0.18,
    0.14,
    0.04,
    0.1,
    0.1,
    0.02,
    0.02,
    0.06,
    0.1,
    0.0,
    0.02,
    0.04,
    0.02,
    0.02,
    0.06,
    0.0,
    0.1,
    0.04,
    0.02,
    0.0,
    0.0,
    0.0,
    0.02,
    0.0,
    0.02,
    0.0,
    0.04,
    0.0,
    0.0,
    0.0,
    0.0,
    0.0,
    0.0,
    0.0,
    0.0,
    0.0,
    0.0,
    0.0,
    0.0,
    0.0,
    0.0
  ],
  "after_claw_free": [
    0.96,
    0.94,
    0.76,
    0.88,
    0.86,
    0.66,
    0.66,
    0.76,
    0.66,
    0.6,
    0.68,
    0.6,
    0.52,
    0.44,
    0.42,
    0.48,
    0.38,
    0.3,
    0.44,
    0.4,
    0.24,
    0.2,
    0.22,
    0.3,
    0.22,
    0.22,
    0.38,
    0.22,
    0.18,
    0.2,
    0.14,
    0.06,
    0.1,
    0.14,
    0.04,
    0.02,
    0.06,
    0.12,
    0.0,
    0.02,
    0.04,
    0.02,
    0.02,
    0.06,
    0.02,
    0.16,
    0.08,
    0.02,
    0.02,
    0.0,
    0.0,
    0.02,
    0.02,
    0.02,
    0.0,
    0.04,
    0.0,
    0.0,
    0.0,
    0.0,
    0.0,
    0.0,
    0.0,
    0.0,
    0.0,
    0.0,
    0.0,
    0.0,
    0.0,
    0.0
  ],
  "after_simplicial": [
    0.96,
    0.94,
    0.76,
    0.88,
    0.84,
    0.66,
    0.66,
    0.76,
    0.66,
    0.6,
    0.68,
    0.6,
    0.52,
    0.44,
    0.42,
    0.48,
    0.38,
    0.3,
    0.42,
    0.4,
    0.24,
    0.2,
    0.22,
    0.3,
    0.22,
    0.2,
    0.38,
    0.22,
    0.18,
    0.2,
    0.14,
    0.06,
    0.1,
    0.14,
    0.04,
    0.02,
    0.06,
    0.12,
    0.0,
    0.02,
    0.04,
    0.02,
    0.02,
    0.06,
    0.02,
    0.16,
    0.08,
    0.02,
    0.02,
    0.0,
    0.0,
    0.02,
    0.02,
    0.02,
    0.0,
    0.04,
    0.0,
    0.0,
    0.0,
    0.0,
    0.0,
    0.0,
    0.0,
    0.0,
    0.0,
    0.0,
    0.0,
    0.0,
    0.0,
    0.0
  ],
  "collapsed": [
    0.7322222222222224,
    0.7055555555555557,
    0.5337037037037037,
    0.5477777777777778,
    0.42962962962962964,
    0.3181481481481481,
    0.36111111111111105,
    0.3462222222222222,
    0.3798148148148148,
    0.17555555555555555,
    0.33592592592592596,
    0.2597407407407407,
    0.31970370370370377,
    0.1901111111111111,
    0.19555555555555557,
    0.15870370370370368,
    0.17066666666666666,
    0.14529629629629628,
    0.1753333333333333,
    0.12915343915343913,
    0.15225925925925926,
    0.11667195767195766,
    0.08622751322751322,
    0.1567830687830688,
    0.12363492063492063,
    0.11648148148148146,
    0.12027777777777779,
    0.0699074074074074,
    0.08867195767195767,
    0.049873015873015875,
    0.04494444444444445,
    0.057523809523809526,
    0.04304232804232805,
    0.07696825396825396,
    0.03535714285714285,
    0.03724603174603174,
    0.03861111111111111,
    0.05301851851851852,
    0.02680952380952381,
    0.037603174603174604,
    0.017777777777777778,
    0.0209047619047619,
    0.04352380952380952,
    0.04241943241943241,
    0.028857142857142856,
    0.05854761904761904,
    0.04107142857142858,
    0.03374603174603174,
    0.03675755725755726,
    0.03000865800865801,
    0.030714285714285715,
    0.045643578643578646,
    0.04355627705627706,
    0.02052380952380952,
    0.023445165945165942,
    0.026595959595959597,
    0.016633699633699633,
    0.014912698412698412,
    0.01814285714285714,
    0.0256846290963938,
    0.015436008436008435,
    0.025076625988390697,
    0.02571428571428571,
    0.02027777777777778,
    0.024685185185185185,
    0.025141414141414145,
    0.01452880452880453,
    0.017,
    0.016240684152448857,
    0.024549062049062046
  ]
}