{
  "densities": [
    0.01,
    0.014927536231884059,
    0.019855072463768116,
    0.024782608695652172,
    0.02971014492753623,
    0.034637681159420286,
    0.03956521739130435,
    0.04449275362318841,
    0.04942028985507246,
    0.05434782608695652,
    0.05927536231884058,
    0.06420289855072463,
    0.06913043478260869,
    0.07405797101449274,
    0.0789855072463768,
    0.08391304347826085,
    0.08884057971014492,
    0.09376811594202898,
    0.09869565217391303,
    0.1036231884057971,
    0.10855072463768115,
    0.11347826086956521,
    0.11840579710144926,
    0.12333333333333332,
    0.1282608695652174,
    0.13318840579710145,
    0.1381159420289855,
    0.14304347826086958,
    0.14797101449275363,
    0.15289855072463768,
    0.15782608695652173,
    0.1627536231884058,
    0.16768115942028985,
    0.1726086956521739,
    0.17753623188405798,
    0.18246376811594203,
    0.18739130434782608,
    0.19231884057971013,
    0.1972463768115942,
    0.20217391304347826,
    0.2071014492753623,
    0.2120289855072464,
    0.21695652173913044,
    0.2218840579710145,
    0.22681159420289854,
    0.23173913043478261,
    0.23666666666666666,
    0.24159420289855071,
    0.2465217391304348,
    0.2514492753623188,
    0.2563768115942029,
    0.26130434782608697,
    0.266231884057971,
    0.27115942028985507,
    0.27608695652173915,
    0.28101449275362317,
    0.28594202898550725,
    0.2908695652173913,
    0.29579710144927535,
    0.3007246376811594,
    0.30565217391304345,
    0.3105797101449275,
    0.3155072463768116,
    0.3204347826086956,
    0.3253623188405797,
    0.3302898550724638,
    0.3352173913043478,
    0.3401449275362319,
    0.34507246376811596,
    0.35
  ],
  "seed": 12086270502351094157,
  "num_samples": 50,
  "before_claw_free": [
    0.92,
    0.88,
    0.86,
    0.86,
    0.8,
    0.7,
    0.62,
    0.74,
    0.68,
    0.7,
    0.5,
    0.5,
    0.62,
    0.5,
    0.42,
    0.38,
    0.4,
    0.26,
    0.32,
    0.4,
    0.28,
    0.38,
    0.32,
    0.26,
    0.2,
    0.2,
    0.22,
    0.16,
    0.14,
    0.12,
    0.06,
    0.12,
    0.08,
    0.12,
    0.08,
    0.1,
    0.08,
    0.06,
    0.04,
    0.04,
    0.08,
    0.02,
    0.02,
    0.02,
    0.02,
    0.04,
    0.0,
    0.04,
    0.0,
    0.08,
    0.02,
    0.0,
    0.02,
    0.02,
    0.0,
    0.02,
    0.0,
    0.02,
    0.0,
    0.0,
    0.0,
    0.02,
    0.0,
    0.0,
    0.0,
    0.0,
    0.0,
    0.0,
    0.0,
    0.0
  ],
  "before_simplicial": [
    0.92,
    0.88,
    0.86,
    0.86,
    0.78,
    0.7,
    0.62,
    0.74,
    0.68,
    0.7,
    0.5,
    0.5,
    0.6,
    0.48,
    0.42,
    0.38,
    0.4,
    0.26,
    0.32,
    0.34,
    0.26,
    0.38,
    0.32,
    0.26,
    0.2,
    0.2,
    0.22,
    0.16,
    0.12,
    0.12,
    0.06,
    0.1,
    0.08,
    0.1,
    0.08,
    0.1,
    0.08,
    0.06,
    0.04,
    0.04,
    0.06,
    0.02,
    0.02,
    0.02,
    0.02,
    0.02,
    0.0,
    0.02,
    0.0,
    0.08,
    0.02,
    0.0,
    0.02,
    0.02,
    0.0,
    0.02,
    0.0,
    0.02,
    0.0,
    0.0,
    0.0,
    0.02,
    0.0,
    0.0,
    0.0,
    0.0,
    0.0,
    0.0,
    0.0,
    0.0
  ],
  "after_claw_free": [
    0.92,
    0.88,
    0.88,
    0.88,
    0.8,
    0.72,
    0.68,
    0.74,
    0.72,
    0.72,
    0.52,
    0.52,
    0.62,
    0.54,
    0.44,
    0.38,
    0.42,
    0.32,
    0.34,
    0.42,
    0.32,
    0.38,
    0.38,
    0.28,
    0.22,
    0.28,
    0.24,
    0.18,
    0.18,
    0.12,
    0.06,
    0.14,
    0.08,
    0.12,
    0.08,
    0.1,
    0.1,
    0.06,
    0.04,
    0.04,
    0.08,
    0.02,
    0.02,
    0.04,
    0.02,
    0.04,
    0.0,
    0.06,
    0.0,
    0.08,
    0.02,
    0.0,
    0.02,
    0.02,
    0.0,
    0.02,
    0.0,
    0.02,
    0.0,
    0.0,
    0.0,
    0.02,
    0.0,
    0.0,
    0.0,
    0.0,
    0.0,
    0.0,
    0.0,
    0.0
  ],
  "after_simplicial": [
    0.92,
    0.88,
    0.88,
    0.88,
    0.78,
    0.72,
    0.68,
    0.74,
    0.72,
    0.72,
    0.52,
    0.52,
    0.6,
    0.52,
    0.44,
    0.38,
    0.42,
    0.32,
    0.34,
    0.36,
    0.3,
    0.38,
    0.38,
    0.28,
    0.22,
    0.28,
    0.24,
    0.18,
    0.16,
    0.12,
    0.06,
    0.12,
    0.08,
    0.1,
    0.08,
    0.1,
    0.1,
    0.06,
    0.04,
    0.04,
    0.06,
    0.02,
    0.02,
    0.04,
    0.02,
    0.02,
    0.0,
    0.04,
    0.0,
    0.08,
    0.02,
    0.0,
    0.02,
    0.02,
    0.0,
    0.02,
    0.0,
    0.02,
    0.0,
    0.0,
    0.0,
    0.02,
    0.0,
    0.0,
    0.0,
    0.0,
    0.0,
    0.0,
    0.0,
    0.0
  ],
  "collapsed": [
    0.7233333333333334,
    0.6411111111111113,
    0.5444444444444444,
    0.5270370370370371,
    0.4366666666666667,
    0.32388888888888884,
    0.3167460317460317,
    0.38,
    0.2647037037037037,
    0.3635555555555555,
    0.27037037037037037,
    0.18703703703703703,
    0.3168148148148148,
    0.23737037037037037,
    0.22925925925925925,
    0.16137037037037036,
    0.18459259259259259,
    0.11148148148148147,
    0.1391111111111111,
    0.1737883597883598,
    0.06233333333333333,
    0.18509259259259256,
    0.14314814814814814,
    0.1376164021164021,
    0.1259126984126984,
    0.08955555555555555,
    0.10563492063492064,
    0.09683333333333331,
    0.08268253968253969,
    0.09992592592592593,
    0.08414814814814814,
    0.08037037037037037,
    0.09023809523809524,
    0.09225925925925926,
    0.0669867724867725,
    0.05880952380952381,
    0.09437902837902838,
    0.029690476190476187,
    0.03547691197691198,
    0.062333333333333324,
    0.04347162097162097,
    0.016055555555555556,
    0.06746825396825397,
    0.028484848484848488,
    0.050998778998779006,
    0.028261744428411097,
    0.03476262626262626,
    0.06657407407407408,
    0.02261111111111111,
    0.04581623931623932,
    0.06745815295815297,
    0.028087523587523585,
    0.03791269841269841,
    0.033595959595959596,
    0.007222222222222222,
    0.03321572871572872,
    0.040633718133718126,
    0.02388095238095238,
    0.02887878787878788,
    0.019715229215229214,
    0.02488115588115588,
    0.014518461930226635,
    0.017176767676767676,
    0.01837780737780738,
    0.02827689594356261,
    0.008444444444444444,
    0.010517399267399268,
    0.01826262626262626,
    0.018405483405483408,
    0.014437229437229438
  ]
}