{
  "densities": [
    0.0,
    0.010101010101010102,
    0.020202020202020204,
    0.030303030303030304,
    0.04040404040404041,
    0.05050505050505051,
    0.06060606060606061,
    0.07070707070707072,
    0.08080808080808081,
    0.09090909090909091,
    0.10101010101010102,
    0.11111111111111112,
    0.12121212121212122,
    0.13131313131313133,
    0.14141414141414144,
    0.15151515151515152,
    0.16161616161616163,
    0.17171717171717174,
    0.18181818181818182,
    0.19191919191919193,
    0.20202020202020204,
    0.21212121212121213,
    0.22222222222222224,
    0.23232323232323235,
    0.24242424242424243,
    0.25252525252525254,
    0.26262626262626265,
    0.27272727272727276,
    0.2828282828282829,
    0.29292929292929293,
    0.30303030303030304,
    0.31313131313131315,
    0.32323232323232326,
    0.33333333333333337,
    0.3434343434343435,
    0.3535353535353536,
    0.36363636363636365,
    0.37373737373737376,
    0.38383838383838387,
    0.393939393939394,
    0.4040404040404041,
    0.4141414141414142,
    0.42424242424242425,
    0.43434343434343436,
    0.4444444444444445,
    0.4545454545454546,
    0.4646464646464647,
    0.4747474747474748,
    0.48484848484848486,
    0.494949494949495,
    0.5050505050505051,
    0.5151515151515152,
    0.5252525252525253,
    0.5353535353535354,
    0.5454545454545455,
    0.5555555555555556,
    0.5656565656565657,
    0.5757575757575758,
    0.5858585858585859,
    0.595959595959596,
    0.6060606060606061,
    0.6161616161616162,
    0.6262626262626263,
    0.6363636363636365,
    0.6464646464646465,
    0.6565656565656566,
    0.6666666666666667,
    0.6767676767676768,
    0.686868686868687,
    0.696969696969697,
    0.7070707070707072,
    0.7171717171717172,
    0.7272727272727273,
    0.7373737373737375,
    0.7474747474747475,
    0.7575757575757577,
    0.7676767676767677,
    0.7777777777777778,
    0.787878787878788,
    0.797979797979798,
    0.8080808080808082,
    0.8181818181818182,
    0.8282828282828284,
    0.8383838383838385,
    0.8484848484848485,
    0.8585858585858587,
    0.8686868686868687,
    0.8787878787878789,
    0.888888888888889,
    0.8989898989898991,
    0.9090909090909092,
    0.9191919191919192,
    0.9292929292929294,
    0.9393939393939394,
    0.9494949494949496,
    0.9595959595959597,
    0.9696969696969697,
    0.9797979797979799,
    0.98989898989899,
    1.0
  ],
  "sizes": [
    20,
    40
  ],
  "seed": 9955543748442108832,
  "num_samples": 100000,
  "before_claw_free": [
    [
      1.0,
      0.98249,
      0.89321,
      0.72398,
      0.52278,
      0.33567,
      0.19836,
      0.10472,
      0.05122,
      0.02304,
      0.01007,
      0.00443,
      0.0014,
      0.00057,
      0.00019,
      0.00013,
      0.00004,
      0.0,
      0.0,
      0.0,
      0.0,
      0.0,
      0.0,
      0.0,
      0.0,
      0.0,
      0.0,
      0.0,
      0.0,
      0.0,
      0.0,
      0.0,
      0.0,
      0.0,
      0.0,
      0.0,
      0.0,
      0.0,
      0.0,
      0.0,
      0.0,
      0.0,
      0.0,
      0.0,
      0.0,
      0.0,
      0.0,
      0.0,
      0.0,
      0.0,
      0.0,
      0.0,
      0.0,
      0.0,
      0.0,
      0.0,
      0.0,
      0.0,
      0.0,
      0.0,
      0.0,
      0.0,
      0.0,
      0.0,
      0.0,
      0.0,
      0.0,
      0.0,
      0.0,
      0.0,
      0.00001,
      0.00001,
      0.0,
      0.00001,
      0.00011,
      0.00019,
      0.00028,
      0.00087,
      0.00167,
      0.00343,
      0.00644,
      0.01221,
      0.02124,
      0.03534,
      0.06172,
      0.09345,
      0.14078,
      0.20571,
      0.28372,
      0.37684,
      0.48246,
      0.59137,
      0.69454,
      0.78963,
      0.87044,
      0.93233,
      0.96823,
      0.99111,
      0.99903,
      1.0
    ],
    [
      1.0,
      0.76552,
      0.22598,
      0.0252,
      0.0012,
      0.00006,
      0.0,
      0.0,
      0.0,
      0.0,
      0.0,
      0.0,
      0.0,
      0.0,
      0.0,
      0.0,
      0.0,
      0.0,
      0.0,
      0.0,
      0.0,
      0.0,
      0.0,
      0.0,
      0.0,
      0.0,
      0.0,
      0.0,
      0.0,
      0.0,
      0.0,
      0.0,
      0.0,
      0.0,
      0.0,
      0.0,
      0.0,
      0.0,
      0.0,
      0.0,
      0.0,
      0.0,
      0.0,
      0.0,
      0.0,
      0.0,
      0.0,
      0.0,
      0.0,
      0.0,
      0.0,
      0.0,
      0.0,
      0.0,
      0.0,
      0.0,
      0.0,
      0.0,
      0.0,
      0.0,
      0.0,
      0.0,
      0.0,
      0.0,
      0.0,
      0.0,
      0.0,
      0.0,
      0.0,
      0.0,
      0.0,
      0.0,
      0.0,
      0.0,
      0.0,
      0.0,
      0.0,
      0.0,
      0.0,
      0.0,
      0.0,
      0.0,
      0.0,
      0.0,
      0.0,
      0.0,
      0.0,
      0.00001,
      0.00011,
      0.00082,
      0.00405,
      0.01734,
      0.05761,
      0.15103,
      0.3236,
      0.54489,
      0.76933,
      0.92305,
      0.99048,
      1.0
    ]
  ],
  "after_claw_free": [
    [
      1.0,
      0.99897,
      0.98022,
      0.90735,
      0.76445,
      0.57965,
      0.39557,
      0.24079,
      0.13516,
      0.06935,
      0.03352,
      0.01498,
      0.00587,
      0.00236,
      0.00081,
      0.00033,
      0.00016,
      0.00005,
      0.00001,
      0.0,
      0.0,
      0.0,
      0.0,
      0.0,
      0.0,
      0.0,
      0.0,
      0.0,
      0.0,
      0.0,
      0.0,
      0.0,
      0.0,
      0.0,
      0.0,
      0.0,
      0.0,
      0.0,
      0.0,
      0.0,
      0.0,
      0.0,
      0.0,
      0.0,
      0.0,
      0.0,
      0.0,
      0.0,
      0.0,
      0.0,
      0.0,
      0.0,
      0.0,
      0.0,
      0.0,
      0.0,
      0.0,
      0.0,
      0.0,
      0.0,
      0.0,
      0.0,
      0.0,
      0.0,
      0.0,
      0.0,
      0.0,
      0.0,
      0.0,
      0.0,
      0.00001,
      0.00001,
      0.0,
      0.00001,
      0.00011,
      0.0002,
      0.0003,
      0.00091,
      0.00181,
      0.00373,
      0.00699,
      0.0135,
      0.0236,
      0.03968,
      0.06928,
      0.1059,
      0.15984,
      0.23356,
      0.32294,
      0.42698,
      0.54182,
      0.65873,
      0.7642,
      0.85456,
      0.92352,
      0.96738,
      0.98972,
      0.9985,
      0.99999,
      1.0
    ],
    [
      1.0,
      0.94459,
      0.49812,
      0.10062,
      0.00893,
      0.00039,
      0.00001,
      0.0,
      0.0,
      0.0,
      0.0,
      0.0,
      0.0,
      0.0,
      0.0,
      0.0,
      0.0,
      0.0,
      0.0,
      0.0,
      0.0,
      0.0,
      0.0,
      0.0,
      0.0,
      0.0,
      0.0,
      0.0,
      0.0,
      0.0,
      0.0,
      0.0,
      0.0,
      0.0,
      0.0,
      0.0,
      0.0,
      0.0,
      0.0,
      0.0,
      0.0,
      0.0,
      0.0,
      0.0,
      0.0,
      0.0,
      0.0,
      0.0,
      0.0,
      0.0,
      0.0,
      0.0,
      0.0,
      0.0,
      0.0,
      0.0,
      0.0,
      0.0,
      0.0,
      0.0,
      0.0,
      0.0,
      0.0,
      0.0,
      0.0,
      0.0,
      0.0,
      0.0,
      0.0,
      0.0,
      0.0,
      0.0,
      0.0,
      0.0,
      0.0,
      0.0,
      0.0,
      0.0,
      0.0,
      0.0,
      0.0,
      0.0,
      0.0,
      0.0,
      0.0,
      0.0,
      0.0,
      0.00001,
      0.00011,
      0.00082,
      0.00416,
      0.01841,
      0.06214,
      0.16386,
      0.3553,
      0.59677,
      0.82515,
      0.96004,
      0.99812,
      1.0
    ]
  ],