{
  "densities": [
    0.0,
    1.0,
    2.0,
    3.0,
    4.0,
    5.0,
    6.0,
    7.0,
    8.0,
    9.0,
    10.0,
    11.0,
    12.0,
    13.0,
    14.0,
    15.0,
    16.0
  ],
  "sizes": [
    5,
    30
  ],
  "seed": 8754314620996206669,
  "num_samples": 10000,
  "before_claw_free": [
    [
      1.0,
      1.0,
      1.0,
      1.0,
      0.9346,
      0.7574,
      0.4697,
      0.2071,
      0.0618,
      0.0133,
      0.0016,
      0.0,
      0.0,
      0.0,
      0.0,
      0.0,
      0.0
    ],
    [
      1.0,
      1.0,
      1.0,
      1.0,
      0.9355,
      0.7453,
      0.467,
      0.2059,
      0.0555,
      0.009,
      0.0016,
      0.0,
      0.0,
      0.0,
      0.0,
      0.0,
      0.0
    ]
  ],
  "after_claw_free": [
    [
      1.0,
      1.0,
      1.0,
      1.0,
      1.0,
      1.0,
      0.8021,
      0.4271,
      0.1415,
      0.0311,
      0.0044,
      0.0005,
      0.0,
      0.0,
      0.0,
      0.0,
      0.0
    ],
    [
      1.0,
      1.0,
      1.0,
      1.0,
      1.0,
      1.0,
      0.793,
      0.4179,
      0.1344,
      0.0258,
      0.0036,
      0.0,
      0.0001,
      0.0,
      0.0,
      0.0,
      0.0
    ]
  ],
  "before_simplicial": [
    [
      1.0,
      1.0,
      1.0,
      1.0,
      0.9346,
      0.7574,
      0.4697,
      0.2068,
      0.0616,
      0.0127,
      0.0015,
      0.0,
      0.0,
      0.0,
      0.0,
      0.0,
      0.0
    ],
    [
      1.0,
      1.0,
      1.0,
      1.0,
      0.9355,
      0.7453,
      0.467,
      0.205,
      0.0552,
      0.0087,
      0.0013,
      0.0,
      0.0,
      0.0,
      0.0,
      0.0,
      0.0
    ]
  ],
  "after_simplicial": [
    [
      1.0,
      1.0,
      1.0,
      1.0,
      1.0,
      1.0,
      0.8021,
      0.4269,
      0.1413,
      0.0305,
      0.0043,
      0.0005,
      0.0,
      0.0,
      0.0,
      0.0,
      0.0
    ],
    [
      1.0,
      1.0,
      1.0,
      1.0,
      1.0,
      1.0,
      0.793,
      0.4174,
      0.1343,
      0.0255,
      0.0033,
      0.0,
      0.0001,
      0.0,
      0.0,
      0.0,
      0.0
    ]
  ],
  "collapsed": [
    [
      0.0,
      0.0,
      0.25195,
      0.5219000000000035,
      0.6932999999999989,
      0.6316849999999986,
      0.37547500000000034,
      0.1657114285714283,
      0.07219095238095237,
      0.032538095238095185,
      0.018291666666666647,
      0.009491313131313135,
      0.005355303030303028,
      0.002966025641025642,
      0.0015412087912087906,
      0.0008105494505494505,
      0.0
    ],
    [
      0.0,
      0.0,
      0.2491,
      0.5213166666666701,
      0.6956749999999989,
      0.634023333333332,
      0.38008166666666704,
      0.17029833333333302,
      0.07311964285714287,
      0.03331845238095234,
      0.01913999999999999,
      0.009441818181818188,
      0.005286363636363634,
      0.002846153846153847,
      0.0015642857142857138,
      0.0009609523809523809,
      0.0
    ]
  ]
}