{
  "densities": [
    0.0,
    1.0,
    2.0,
    3.0,
    4.0,
    5.0,
    6.0,
    7.0,
    8.0,
    9.0,
    10.0,
    11.0,
    12.0,
    13.0,
    14.0,
    15.0,
    16.0
  ],
  "sizes": [
    5,
    30
  ],
  "seed": 2050565292464305046,
  "num_samples": 10000,
  "before_claw_free": [
    [
      1.0,
      1.0,
      1.0,
      1.0,
      0.9359,
      0.7587,
      0.4689,
      0.2121,
      0.0598,
      0.0108,
      0.0015,
      0.0001,
      0.0,
      0.0,
      0.0,
      0.0,
      0.0
    ],
    [
      1.0,
      1.0,
      1.0,
      1.0,
      0.9415,
      0.7557,
      0.4576,
      0.2078,
      0.056,
      0.0107,
      0.0014,
      0.0002,
      0.0,
      0.0,
      0.0,
      0.0,
      0.0
    ]
  ],
  "after_claw_free": [
    [
      1.0,
      1.0,
      1.0,
      1.0,
      1.0,
      1.0,
      0.7984,
      0.4259,
      0.1356,
      0.029,
      0.0033,
      0.0002,
      0.0,
      0.0,
      0.0,
      0.0,
      0.0
    ],
    [
      1.0,
      1.0,
      1.0,
      1.0,
      1.0,
      1.0,
      0.7946,
      0.4175,
      0.1291,
      0.0258,
      0.0036,
      0.0004,
      0.0,
      0.0,
      0.0,
      0.0,
      0.0
    ]
  ],
  "before_simplicial": [
    [
      1.0,
      1.0,
      1.0,
      1.0,
      0.9359,
      0.7587,
      0.4689,
      0.2115,
      0.0595,
      0.0101,
      0.0011,
      0.0001,
      0.0,
      0.0,
      0.0,
      0.0,
      0.0
    ],
    [
      1.0,
      1.0,
      1.0,
      1.0,
      0.9415,
      0.7557,
      0.4576,
      0.2075,
      0.0554,
      0.01,
      0.0012,
      0.0002,
      0.0,
      0.0,
      0.0,
      0.0,
      0.0
    ]
  ],
  "after_simplicial": [
    [
      1.0,
      1.0,
      1.0,
      1.0,
      1.0,
      1.0,
      0.7984,
      0.4255,
      0.1353,
      0.0283,
      0.0029,
      0.0002,
      0.0,
      0.0,
      0.0,
      0.0,
      0.0
    ],
    [
      1.0,
      1.0,
      1.0,
      1.0,
      1.0,
      1.0,
      0.7946,
      0.4174,
      0.1287,
      0.0251,
      0.0034,
      0.0004,
      0.0,
      0.0,
      0.0,
      0.0,
      0.0
    ]
  ],
  "collapsed": [
    [
      0.0,
      0.0,
      0.24965,
      0.5171666666666701,
      0.6949083333333324,
      0.6297166666666655,
      0.3793450000000003,
      0.1658640476190473,
      0.0689720238095238,
      0.0336757936507936,
      0.017525555555555534,
      0.009430000000000006,
      0.005203030303030301,
      0.0027943473193473203,
      0.0015269230769230768,
      0.0006823809523809523,
      0.0
    ],
    [
      0.0,
      0.0,
      0.24825,
      0.5213500000000034,
      0.694249999999999,
      0.6347399999999986,
      0.38121666666666704,
      0.16345095238095217,
      0.06868297619047618,
      0.033915674603174566,
      0.018455238095238084,
      0.01025909090909092,
      0.005737121212121209,
      0.0029173076923076934,
      0.0013999999999999996,
      0.0008666666666666666,
      0.0
    ]
  ]
}