{
  "densities": [
    0.0,
    1.0,
    2.0,
    3.0,
    4.0,
    5.0,
    6.0,
    7.0,
    8.0,
    9.0,
    10.0,
    11.0,
    12.0,
    13.0,
    14.0,
    15.0,
    16.0
  ],
  "sizes": [
    5,
    30
  ],
  "seed": 12097716619713844742,
  "num_samples": 10000,
  "before_claw_free": [
    [
      1.0,
      1.0,
      1.0,
      1.0,
      0.9428,
      0.7528,
      0.4679,
      0.2118,
      0.0617,
      0.0122,
      0.0021,
      0.0001,
      0.0,
      0.0,
      0.0,
      0.0,
      0.0
    ],
    [
      1.0,
      1.0,
      1.0,
      1.0,
      0.9361,
      0.7471,
      0.4636,
      0.2086,
      0.062,
      0.011,
      0.0013,
      0.0003,
      0.0,
      0.0,
      0.0,
      0.0,
      0.0
    ]
  ],
  "after_claw_free": [
    [
      1.0,
      1.0,
      1.0,
      1.0,
      1.0,
      1.0,
      0.7975,
      0.4234,
      0.137,
      0.0302,
      0.0047,
      0.0002,
      0.0,
      0.0,
      0.0,
      0.0,
      0.0
    ],
    [
      1.0,
      1.0,
      1.0,
      1.0,
      1.0,
      1.0,
      0.7954,
      0.4207,
      0.1408,
      0.0277,
      0.0035,
      0.0004,
      0.0,
      0.0,
      0.0,
      0.0,
      0.0
    ]
  ],
  "before_simplicial": [
    [
      1.0,
      1.0,
      1.0,
      1.0,
      0.9428,
      0.7528,
      0.4679,
      0.2113,
      0.0612,
      0.0116,
      0.0018,
      0.0001,
      0.0,
      0.0,
      0.0,
      0.0,
      0.0
    ],
    [
      1.0,
      1.0,
      1.0,
      1.0,
      0.9361,
      0.7471,
      0.4636,
      0.2084,
      0.0614,
      0.0108,
      0.001,
      0.0001,
      0.0,
      0.0,
      0.0,
      0.0,
      0.0
    ]
  ],
  "after_simplicial": [
    [
      1.0,
      1.0,
      1.0,
      1.0,
      1.0,
      1.0,
      0.7975,
      0.4229,
      0.1365,
      0.0295,
      0.0044,
      0.0002,
      0.0,
      0.0,
      0.0,
      0.0,
      0.0
    ],
    [
      1.0,
      1.0,
      1.0,
      1.0,
      1.0,
      1.0,
      0.7954,
      0.4206,
      0.1403,
      0.0275,
      0.0031,
      0.0001,
      0.0,
      0.0,
      0.0,
      0.0,
      0.0
    ]
  ],
  "collapsed": [
    [
      0.0,
      0.0,
      0.2529,
      0.5202500000000034,
      0.6945583333333325,
      0.6315916666666654,
      0.37993500000000024,
      0.1685773809523807,
      0.06963357142857143,
      0.03354226190476186,
      0.017284444444444425,
      0.009304545454545458,
      0.005129545454545453,
      0.0031167832167832183,
      0.001526465201465201,
      0.0006866666666666667,
      0.0
    ],
    [
      0.0,
      0.0,
      0.2511,
      0.5227333333333366,
      0.6930916666666656,
      0.6311366666666655,
      0.3790833333333336,
      0.16955738095238065,
      0.07140119047619048,
      0.03330654761904757,
      0.017434166666666646,
      0.009849292929292937,
      0.0054060606060606035,
      0.00284871794871795,
      0.0016642857142857138,
      0.0008266666666666665,
      0.0
    ]
  ]
}