{
  "densities": [
    0.0,
    1.0,
    2.0,
    3.0,
    4.0,
    5.0,
    6.0,
    7.0,
    8.0,
    9.0,
    10.0,
    11.0,
    12.0,
    13.0,
    14.0,
    15.0,
    16.0
  ],
  "sizes": [
    5,
    30
  ],
  "seed": 4331633101902813100,
  "num_samples": 10000,
  "before_claw_free": [
    [
      1.0,
      1.0,
      1.0,
      1.0,
      0.9391,
      0.755,
      0.4786,
      0.2122,
      0.0678,
      0.0124,
      0.0014,
      0.0,
      0.0,
      0.0,
      0.0,
      0.0,
      0.0
    ],
    [
      1.0,
      1.0,
      1.0,
      1.0,
      0.9341,
      0.7523,
      0.4735,
      0.2106,
      0.0591,
      0.0097,
      0.0008,
      0.0,
      0.0,
      0.0,
      0.0,
      0.0,
      0.0
    ]
  ],
  "after_claw_free": [
    [
      1.0,
      1.0,
      1.0,
      1.0,
      1.0,
      1.0,
      0.7994,
      0.419,
      0.1506,
      0.0317,
      0.0036,
      0.0001,
      0.0,
      0.0,
      0.0,
      0.0,
      0.0
    ],
    [
      1.0,
      1.0,
      1.0,
      1.0,
      1.0,
      1.0,
      0.7992,
      0.4256,
      0.1345,
      0.0283,
      0.0036,
      0.0002,
      0.0001,
      0.0,
      0.0,
      0.0,
      0.0
    ]
  ],
  "before_simplicial": [
    [
      1.0,
      1.0,
      1.0,
      1.0,
      0.9391,
      0.755,
      0.4786,
      0.212,
      0.0674,
      0.0118,
      0.0011,
      0.0,
      0.0,
      0.0,
      0.0,
      0.0,
      0.0
    ],
    [
      1.0,
      1.0,
      1.0,
      1.0,
      0.9341,
      0.7523,
      0.4735,
      0.2104,
      0.0585,
      0.0093,
      0.0006,
      0.0,
      0.0,
      0.0,
      0.0,
      0.0,
      0.0
    ]
  ],
  "after_simplicial": [
    [
      1.0,
      1.0,
      1.0,
      1.0,
      1.0,
      1.0,
      0.7994,
      0.4189,
      0.15,
      0.0308,
      0.0033,
      0.0001,
      0.0,
      0.0,
      0.0,
      0.0,
      0.0
    ],
    [
      1.0,
      1.0,
      1.0,
      1.0,
      1.0,
      1.0,
      0.7992,
      0.4256,
      0.1339,
      0.0279,
      0.0034,
      0.0002,
      0.0,
      0.0,
      0.0,
      0.0,
      0.0
    ]
  ],
  "collapsed": [
    [
      0.0,
      0.0,
      0.2515,
      0.5201000000000032,
      0.694624999999999,
      0.6246733333333324,
      0.3752733333333338,
      0.16355976190476157,
      0.07159654761904763,
      0.034065079365079326,
      0.01763527777777776,
      0.009252020202020204,
      0.004678787878787879,
      0.00290448717948718,
      0.0014802197802197795,
      0.0008352380952380953,
      0.0
    ],
    [
      0.0,
      0.0,
      0.2515,
      0.52291666666667,
      0.6951416666666655,
      0.6330499999999988,
      0.3766483333333336,
      0.1696552380952378,
      0.07033654761904762,
      0.033865277777777744,
      0.018042222222222213,
      0.01025727272727274,
      0.005606818181818178,
      0.003025641025641027,
      0.001828571428571428,
      0.0007799999999999998,
      0.0
    ]
  ]
}