{
  "densities": [
    0.0,
    1.0,
    2.0,
    3.0,
    4.0,
    5.0,
    6.0,
    7.0,
    8.0,
    9.0,
    10.0,
    11.0,
    12.0,
    13.0,
    14.0,
    15.0,
    16.0
  ],
  "sizes": [
    5,
    30
  ],
  "seed": 15339202927451759162,
  "num_samples": 10000,
  "before_claw_free": [
    [
      1.0,
      1.0,
      1.0,
      1.0,
      0.9361,
      0.7569,
      0.4804,
      0.2107,
      0.0625,
      0.0129,
      0.0013,
      0.0001,
      0.0,
      0.0,
      0.0,
      0.0,
      0.0
    ],
    [
      1.0,
      1.0,
      1.0,
      1.0,
      0.9387,
      0.7554,
      0.4765,
      0.2075,
      0.0571,
      0.0106,
      0.0015,
      0.0001,
      0.0,
      0.0,
      0.0,
      0.0,
      0.0
    ]
  ],
  "after_claw_free": [
    [
      1.0,
      1.0,
      1.0,
      1.0,
      1.0,
      1.0,
      0.8017,
      0.4268,
      0.1389,
      0.0304,
      0.0046,
      0.0002,
      0.0,
      0.0,
      0.0,
      0.0,
      0.0
    ],
    [
      1.0,
      1.0,
      1.0,
      1.0,
      1.0,
      1.0,
      0.8064,
      0.4229,
      0.1334,
      0.0255,
      0.003,
      0.0001,
      0.0,
      0.0,
      0.0,
      0.0,
      0.0
    ]
  ],
  "before_simplicial": [
    [
      1.0,
      1.0,
      1.0,
      1.0,
      0.9361,
      0.7569,
      0.4804,
      0.2106,
      0.0615,
      0.0122,
      0.0011,
      0.0001,
      0.0,
      0.0,
      0.0,
      0.0,
      0.0
    ],
    [
      1.0,
      1.0,
      1.0,
      1.0,
      0.9387,
      0.7554,
      0.4765,
      0.2071,
      0.0564,
      0.0102,
      0.0012,
      0.0,
      0.0,
      0.0,
      0.0,
      0.0,
      0.0
    ]
  ],
  "after_simplicial": [
    [
      1.0,
      1.0,
      1.0,
      1.0,
      1.0,
      1.0,
      0.8017,
      0.4267,
      0.1378,
      0.0297,
      0.0044,
      0.0002,
      0.0,
      0.0,
      0.0,
      0.0,
      0.0
    ],
    [
      1.0,
      1.0,
      1.0,
      1.0,
      1.0,
      1.0,
      0.8064,
      0.4228,
      0.1328,
      0.025,
      0.0027,
      0.0,
      0.0,
      0.0,
      0.0,
      0.0,
      0.0
    ]
  ],
  "collapsed": [
    [
      0.0,
      0.0,
      0.24735,
      0.5197833333333367,
      0.6950249999999987,
      0.6306616666666656,
      0.3750333333333337,
      0.16889904761904728,
      0.06881690476190477,
      0.03290059523809518,
      0.01680333333333331,
      0.009789292929292938,
      0.005278787878787878,
      0.0030141025641025653,
      0.0015703296703296701,
      0.0007961904761904762,
      0.0
    ],
    [
      0.0,
      0.0,
      0.25305,
      0.5206333333333367,
      0.6953499999999988,
      0.6245933333333324,
      0.381641666666667,
      0.16819880952380922,
      0.06792988095238096,
      0.034473214285714246,
      0.01804888888888887,
      0.009941818181818189,
      0.0051878787878787865,
      0.0029012820512820518,
      0.0017142857142857135,
      0.0007933333333333333,
      0.0
    ]
  ]
}