{
  "densities": [
    0.0,
    1.0,
    2.0,
    3.0,
    4.0,
    5.0,
    6.0,
    7.0,
    8.0,
    9.0,
    10.0,
    11.0,
    12.0,
    13.0,
    14.0,
    15.0,
    16.0
  ],
  "sizes": [
    5,
    30
  ],
  "seed": 14575975814092622142,
  "num_samples": 10000,
  "before_claw_free": [
    [
      1.0,
      1.0,
      1.0,
      1.0,
      0.9301,
      0.7515,
      0.4703,
      0.2034,
      0.0601,
      0.0117,
      0.0014,
      0.0,
      0.0,
      0.0,
      0.0,
      0.0,
      0.0
    ],
    [
      1.0,
      1.0,
      1.0,
      1.0,
      0.937,
      0.7499,
      0.4696,
      0.1986,
      0.0636,
      0.0113,
      0.0013,
      0.0001,
      0.0,
      0.0,
      0.0,
      0.0,
      0.0
    ]
  ],
  "after_claw_free": [
    [
      1.0,
      1.0,
      1.0,
      1.0,
      1.0,
      1.0,
      0.7936,
      0.4256,
      0.1387,
      0.0277,
      0.0041,
      0.0005,
      0.0,
      0.0,
      0.0,
      0.0,
      0.0
    ],
    [
      1.0,
      1.0,
      1.0,
      1.0,
      1.0,
      1.0,
      0.796,
      0.4132,
      0.1407,
      0.0275,
      0.0029,
      0.0001,
      0.0,
      0.0,
      0.0,
      0.0,
      0.0
    ]
  ],
  "before_simplicial": [
    [
      1.0,
      1.0,
      1.0,
      1.0,
      0.9301,
      0.7515,
      0.4703,
      0.2033,
      0.0598,
      0.0116,
      0.0011,
      0.0,
      0.0,
      0.0,
      0.0,
      0.0,
      0.0
    ],
    [
      1.0,
      1.0,
      1.0,
      1.0,
      0.937,
      0.7499,
      0.4696,
      0.1982,
      0.0632,
      0.0108,
      0.0011,
      0.0001,
      0.0,
      0.0,
      0.0,
      0.0,
      0.0
    ]
  ],
  "after_simplicial": [
    [
      1.0,
      1.0,
      1.0,
      1.0,
      1.0,
      1.0,
      0.7936,
      0.4256,
      0.1385,
      0.0275,
      0.0038,
      0.0005,
      0.0,
      0.0,
      0.0,
      0.0,
      0.0
    ],
    [
      1.0,
      1.0,
      1.0,
      1.0,
      1.0,
      1.0,
      0.796,
      0.4128,
      0.1404,
      0.027,
      0.0027,
      0.0001,
      0.0,
      0.0,
      0.0,
      0.0,
      0.0
    ]
  ],
  "collapsed": [
    [
      0.0,
      0.0,
      0.2503,
      0.5149833333333369,
      0.694449999999999,
      0.6299316666666654,
      0.3774883333333337,
      0.16806119047619017,
      0.0692607142857143,
      0.03307420634920632,
      0.01807805555555554,
      0.009560909090909097,
      0.005000757575757576,
      0.0026326923076923085,
      0.001569230769230769,
      0.000789047619047619,
      0.0
    ],
    [
      0.0,
      0.0,
      0.247,
      0.5158333333333368,
      0.6960083333333323,
      0.630994999999999,
      0.37515333333333356,
      0.16459333333333306,
      0.07025619047619047,
      0.03472242063492061,
      0.017935555555555545,
      0.0102009090909091,
      0.00528712121212121,
      0.002869871794871796,
      0.0016785714285714281,
      0.0007666666666666666,
      0.0
    ]
  ]
}