{
  "densities": [
    0.0,
    1.0,
    2.0,
    3.0,
    4.0,
    5.0,
    6.0,
    7.0,
    8.0,
    9.0,
    10.0,
    11.0,
    12.0,
    13.0,
    14.0,
    15.0,
    16.0
  ],
  "sizes": [
    5,
    30
  ],
  "seed": 656609611342177663,
  "num_samples": 10000,
  "before_claw_free": [
    [
      1.0,
      1.0,
      1.0,
      1.0,
      0.9405,
      0.7479,
      0.4706,
      0.2134,
      0.0647,
      0.0131,
      0.0015,
      0.0003,
      0.0,
      0.0,
      0.0,
      0.0,
      0.0
    ],
    [
      1.0,
      1.0,
      1.0,
      1.0,
      0.9403,
      0.742,
      0.4645,
      0.2046,
      0.0625,
      0.0103,
      0.0013,
      0.0002,
      0.0,
      0.0,
      0.0,
      0.0,
      0.0
    ]
  ],
  "after_claw_free": [
    [
      1.0,
      1.0,
      1.0,
      1.0,
      1.0,
      1.0,
      0.7939,
      0.4329,
      0.1413,
      0.0297,
      0.0047,
      0.0008,
      0.0,
      0.0,
      0.0,
      0.0,
      0.0
    ],
    [
      1.0,
      1.0,
      1.0,
      1.0,
      1.0,
      1.0,
      0.7972,
      0.4202,
      0.1383,
      0.0254,
      0.0031,
      0.0003,
      0.0,
      0.0,
      0.0,
      0.0,
      0.0
    ]
  ],
  "before_simplicial": [
    [
      1.0,
      1.0,
      1.0,
      1.0,
      0.9405,
      0.7479,
      0.4706,
      0.213,
      0.0643,
      0.0122,
      0.0011,
      0.0003,
      0.0,
      0.0,
      0.0,
      0.0,
      0.0
    ],
    [
      1.0,
      1.0,
      1.0,
      1.0,
      0.9403,
      0.742,
      0.4645,
      0.2041,
      0.062,
      0.0101,
      0.001,
      0.0001,
      0.0,
      0.0,
      0.0,
      0.0,
      0.0
    ]
  ],
  "after_simplicial": [
    [
      1.0,
      1.0,
      1.0,
      1.0,
      1.0,
      1.0,
      0.7939,
      0.4327,
      0.1411,
      0.0287,
      0.0043,
      0.0008,
      0.0,
      0.0,
      0.0,
      0.0,
      0.0
    ],
    [
      1.0,
      1.0,
      1.0,
      1.0,
      1.0,
      1.0,
      0.7972,
      0.4199,
      0.1379,
      0.0251,
      0.0028,
      0.0002,
      0.0,
      0.0,
      0.0,
      0.0,
      0.0
    ]
  ],
  "collapsed": [
    [
      0.0,
      0.0,
      0.25435,
      0.5243666666666699,
      0.6941666666666654,
      0.6311099999999987,
      0.371461666666667,
      0.16672547619047592,
      0.07195464285714288,
      0.03209424603174598,
      0.018309722222222217,
      0.009904545454545463,
      0.005427272727272726,
      0.0024801282051282055,
      0.0016039377289377285,
      0.0009204761904761904,
      0.0
    ],
    [
      0.0,
      0.0,
      0.2483,
      0.5221500000000034,
      0.6930666666666656,
      0.6358599999999986,
      0.37897666666666696,
      0.16983214285714257,
      0.07222916666666668,
      0.03361031746031742,
      0.018093015873015858,
      0.009904545454545461,
      0.005358333333333331,
      0.002978846153846155,
      0.0016148351648351646,
      0.0007733333333333332,
      0.0
    ]
  ]
}