{
  "densities": [
    0.0,
    1.0,
    2.0,
    3.0,
    4.0,
    5.0,
    6.0,
    7.0,
    8.0,
    9.0,
    10.0,
    11.0,
    12.0,
    13.0,
    14.0,
    15.0,
    16.0
  ],
  "sizes": [
    5,
    30
  ],
  "seed": 7441724120432922924,
  "num_samples": 10000,
  "before_claw_free": [
    [
      1.0,
      1.0,
      1.0,
      1.0,
      0.9383,
      0.7476,
      0.4637,
      0.2117,
      0.0626,
      0.012,
      0.0021,
      0.0002,
      0.0,
      0.0,
      0.0,
      0.0,
      0.0
    ],
    [
      1.0,
      1.0,
      1.0,
      1.0,
      0.9407,
      0.7517,
      0.4676,
      0.2018,
      0.06,
      0.0122,
      0.0009,
      0.0001,
      0.0,
      0.0,
      0.0,
      0.0,
      0.0
    ]
  ],
  "after_claw_free": [
    [
      1.0,
      1.0,
      1.0,
      1.0,
      1.0,
      1.0,
      0.7922,
      0.4162,
      0.1403,
      0.0306,
      0.0045,
      0.0008,
      0.0,
      0.0,
      0.0,
      0.0,
      0.0
    ],
    [
      1.0,
      1.0,
      1.0,
      1.0,
      1.0,
      1.0,
      0.7915,
      0.4183,
      0.1318,
      0.0277,
      0.0028,
      0.0001,
      0.0,
      0.0,
      0.0,
      0.0,
      0.0
    ]
  ],
  "before_simplicial": [
    [
      1.0,
      1.0,
      1.0,
      1.0,
      0.9383,
      0.7476,
      0.4637,
      0.2115,
      0.0622,
      0.0118,
      0.0018,
      0.0002,
      0.0,
      0.0,
      0.0,
      0.0,
      0.0
    ],
    [
      1.0,
      1.0,
      1.0,
      1.0,
      0.9407,
      0.7517,
      0.4676,
      0.2015,
      0.0592,
      0.0115,
      0.0008,
      0.0001,
      0.0,
      0.0,
      0.0,
      0.0,
      0.0
    ]
  ],
  "after_simplicial": [
    [
      1.0,
      1.0,
      1.0,
      1.0,
      1.0,
      1.0,
      0.7922,
      0.416,
      0.14,
      0.0301,
      0.0041,
      0.0008,
      0.0,
      0.0,
      0.0,
      0.0,
      0.0
    ],
    [
      1.0,
      1.0,
      1.0,
      1.0,
      1.0,
      1.0,
      0.7915,
      0.4182,
      0.131,
      0.0272,
      0.0027,
      0.0001,
      0.0,
      0.0,
      0.0,
      0.0,
      0.0
    ]
  ],
  "collapsed": [
    [
      0.0,
      0.0,
      0.24765,
      0.5213500000000033,
      0.6966833333333321,
      0.6330849999999989,
      0.3707583333333337,
      0.1649476190476188,
      0.0703052380952381,
      0.032625992063492,
      0.018028888888888876,
      0.009630000000000005,
      0.005350757575757574,
      0.002880769230769232,
      0.0016005494505494503,
      0.0006957142857142857,
      0.0
    ],
    [
      0.0,
      0.0,
      0.24925,
      0.5232333333333367,
      0.6919333333333324,
      0.634403333333332,
      0.3718616666666671,
      0.16866666666666644,
      0.06811928571428574,
      0.03381507936507932,
      0.018452499999999986,
      0.00980767676767678,
      0.005254545454545454,
      0.003007692307692309,
      0.0015071428571428566,
      0.0007666666666666668,
      0.0
    ]
  ]
}