{
  "densities": [
    0.0,
    1.0,
    2.0,
    3.0,
    4.0,
    5.0,
    6.0,
    7.0,
    8.0,
    9.0,
    10.0,
    11.0,
    12.0,
    13.0,
    14.0,
    15.0,
    16.0
  ],
  "sizes": [
    5,
    30
  ],
  "seed": 9783585619513676567,
  "num_samples": 10000,
  "before_claw_free": [
    [
      1.0,
      1.0,
      1.0,
      1.0,
      0.9438,
      0.7508,
      0.475,
      0.2061,
      0.064,
      0.0109,
      0.0011,
      0.0002,
      0.0,
      0.0,
      0.0,
      0.0,
      0.0
    ],
    [
      1.0,
      1.0,
      1.0,
      1.0,
      0.9388,
      0.759,
      0.4699,
      0.2003,
      0.0585,
      0.0116,
      0.0019,
      0.0001,
      0.0,
      0.0,
      0.0,
      0.0,
      0.0
    ]
  ],
  "after_claw_free": [
    [
      1.0,
      1.0,
      1.0,
      1.0,
      1.0,
      1.0,
      0.801,
      0.4164,
      0.1423,
      0.0292,
      0.0038,
      0.0003,
      0.0,
      0.0,
      0.0,
      0.0,
      0.0
    ],
    [
      1.0,
      1.0,
      1.0,
      1.0,
      1.0,
      1.0,
      0.8019,
      0.4153,
      0.1355,
      0.031,
      0.0038,
      0.0006,
      0.0,
      0.0,
      0.0,
      0.0,
      0.0
    ]
  ],
  "before_simplicial": [
    [
      1.0,
      1.0,
      1.0,
      1.0,
      0.9438,
      0.7508,
      0.475,
      0.206,
      0.0631,
      0.0104,
      0.001,
      0.0002,
      0.0,
      0.0,
      0.0,
      0.0,
      0.0
    ],
    [
      1.0,
      1.0,
      1.0,
      1.0,
      0.9388,
      0.759,
      0.4699,
      0.1998,
      0.0583,
      0.011,
      0.0016,
      0.0,
      0.0,
      0.0,
      0.0,
      0.0,
      0.0
    ]
  ],
  "after_simplicial": [
    [
      1.0,
      1.0,
      1.0,
      1.0,
      1.0,
      1.0,
      0.801,
      0.4164,
      0.1415,
      0.0287,
      0.0037,
      0.0003,
      0.0,
      0.0,
      0.0,
      0.0,
      0.0
    ],
    [
      1.0,
      1.0,
      1.0,
      1.0,
      1.0,
      1.0,
      0.8019,
      0.4151,
      0.1354,
      0.0304,
      0.0035,
      0.0004,
      0.0,
      0.0,
      0.0,
      0.0,
      0.0
    ]
  ],
  "collapsed": [
    [
      0.0,
      0.0,
      0.24575,
      0.5251000000000032,
      0.6937083333333321,
      0.6326099999999986,
      0.37190833333333373,
      0.16204809523809494,
      0.0719302380952381,
      0.034763888888888865,
      0.017934444444444433,
      0.009647474747474754,
      0.0054484848484848475,
      0.0029532051282051292,
      0.0014813186813186813,
      0.0008104761904761905,
      0.0
    ],
    [
      0.0,
      0.0,
      0.2459,
      0.5205666666666702,
      0.693583333333332,
      0.6280766666666655,
      0.37665833333333354,
      0.1684135714285712,
      0.07254059523809527,
      0.03524146825396822,
      0.017703333333333317,
      0.01023000000000001,
      0.005262878787878786,
      0.0029333333333333342,
      0.0015571428571428568,
      0.0009933333333333333,
      0.0
    ]
  ]
}