{
  "densities": [
    0.0,
    1.0,
    2.0,
    3.0,
    4.0,
    5.0,
    6.0,
    7.0,
    8.0,
    9.0,
    10.0,
    11.0,
    12.0,
    13.0,
    14.0,
    15.0,
    16.0
  ],
  "sizes": [
    5,
    30
  ],
  "seed": 16606654613678189128,
  "num_samples": 10000,
  "before_claw_free": [
    [
      1.0,
      1.0,
      1.0,
      1.0,
      0.9383,
      0.7615,
      0.4682,
      0.2103,
      0.063,
      0.0123,
      0.001,
      0.0001,
      0.0,
      0.0,
      0.0,
      0.0,
      0.0
    ],
    [
      1.0,
      1.0,
      1.0,
      1.0,
      0.9354,
      0.7502,
      0.4675,
      0.2035,
      0.0601,
      0.0113,
      0.001,
      0.0002,
      0.0,
      0.0,
      0.0,
      0.0,
      0.0
    ]
  ],
  "after_claw_free": [
    [
      1.0,
      1.0,
      1.0,
      1.0,
      1.0,
      1.0,
      0.7985,
      0.4208,
      0.1409,
      0.0299,
      0.0037,
      0.0004,
      0.0,
      0.0,
      0.0,
      0.0,
      0.0
    ],
    [
      1.0,
      1.0,
      1.0,
      1.0,
      1.0,
      1.0,
      0.798,
      0.4162,
      0.1357,
      0.0274,
      0.0027,
      0.0003,
      0.0,
      0.0,
      0.0,
      0.0,
      0.0
    ]
  ],
  "before_simplicial": [
    [
      1.0,
      1.0,
      1.0,
      1.0,
      0.9383,
      0.7615,
      0.4682,
      0.2102,
      0.0627,
      0.0121,
      0.0007,
      0.0,
      0.0,
      0.0,
      0.0,
      0.0,
      0.0
    ],
    [
      1.0,
      1.0,
      1.0,
      1.0,
      0.9354,
      0.7502,
      0.4675,
      0.2026,
      0.0594,
      0.0106,
      0.001,
      0.0002,
      0.0,
      0.0,
      0.0,
      0.0,
      0.0
    ]
  ],
  "after_simplicial": [
    [
      1.0,
      1.0,
      1.0,
      1.0,
      1.0,
      1.0,
      0.7985,
      0.4207,
      0.1407,
      0.0297,
      0.0035,
      0.0003,
      0.0,
      0.0,
      0.0,
      0.0,
      0.0
    ],
    [
      1.0,
      1.0,
      1.0,
      1.0,
      1.0,
      1.0,
      0.798,
      0.4154,
      0.135,
      0.0267,
      0.0027,
      0.0003,
      0.0,
      0.0,
      0.0,
      0.0,
      0.0
    ]
  ],
  "collapsed": [
    [
      0.0,
      0.0,
      0.2502,
      0.5197833333333366,
      0.6947333333333322,
      0.6235249999999991,
      0.37259500000000034,
      0.16535190476190442,
      0.07143940476190477,
      0.03342242063492058,
      0.01743805555555554,
      0.009023838383838386,
      0.005461515151515149,
      0.0027769230769230774,
      0.0014252747252747246,
      0.0007033333333333333,
      0.0
    ],
    [
      0.0,
      0.0,
      0.252,
      0.5183833333333367,
      0.6931833333333323,
      0.6319616666666654,
      0.3805183333333335,
      0.16517261904761874,
      0.06989178571428573,
      0.03548134920634919,
      0.01752333333333331,
      0.009741111111111119,
      0.005124242424242423,
      0.002815384615384616,
      0.001393406593406593,
      0.0008938095238095238,
      0.0
    ]
  ]
}