{
  "densities": [
    0.01,
    0.01595959595959596,
    0.021919191919191918,
    0.027878787878787878,
    0.033838383838383834,
    0.0397979797979798,
    0.045757575757575754,
    0.05171717171717172,
    0.05767676767676767,
    0.06363636363636363,
    0.06959595959595959,
    0.07555555555555554,
    0.0815151515151515,
    0.08747474747474746,
    0.09343434343434343,
    0.09939393939393938,
    0.10535353535353534,
    0.1113131313131313,
    0.11727272727272725,
    0.12323232323232322,
    0.1291919191919192,
    0.13515151515151513,
    0.1411111111111111,
    0.14707070707070707,
    0.15303030303030302,
    0.158989898989899,
    0.16494949494949493,
    0.1709090909090909,
    0.17686868686868687,
    0.1828282828282828,
    0.18878787878787878,
    0.19474747474747472,
    0.2007070707070707,
    0.20666666666666667,
    0.2126262626262626,
    0.21858585858585858,
    0.22454545454545452,
    0.2305050505050505,
    0.23646464646464646,
    0.2424242424242424,
    0.24838383838383837,
    0.2543434343434343,
    0.26030303030303026,
    0.26626262626262626,
    0.2722222222222222,
    0.27818181818181814,
    0.28414141414141414,
    0.2901010101010101,
    0.296060606060606,
    0.302020202020202,
    0.30797979797979796,
    0.3139393939393939,
    0.31989898989898985,
    0.32585858585858585,
    0.3318181818181818,
    0.33777777777777773,
    0.34373737373737373,
    0.3496969696969697,
    0.3556565656565656,
    0.3616161616161616,
    0.36757575757575756,
    0.3735353535353535,
    0.37949494949494944,
    0.38545454545454544,
    0.3914141414141414,
    0.3973737373737373,
    0.4033333333333333,
    0.40929292929292926,
    0.4152525252525252,
    0.42121212121212115,
    0.42717171717171715,
    0.4331313131313131,
    0.43909090909090903,
    0.44505050505050503,
    0.45101010101010097,
    0.4569696969696969,
    0.4629292929292929,
    0.46888888888888886,
    0.4748484848484848,
    0.48080808080808074,
    0.48676767676767674,
    0.4927272727272727,
    0.4986868686868686,
    0.5046464646464646,
    0.5106060606060605,
    0.5165656565656566,
    0.5225252525252525,
    0.5284848484848484,
    0.5344444444444444,
    0.5404040404040403,
    0.5463636363636363,
    0.5523232323232323,
    0.5582828282828283,
    0.5642424242424242,
    0.5702020202020202,
    0.5761616161616161,
    0.582121212121212,
    0.588080808080808,
    0.594040404040404,
    0.6
  ],
  "seed": 11849462216626133773,
  "num_samples": 400000,
  "before_claw_free": [
    0.0000575,
    0.000085,
    0.0001425,
    0.0002425,
    0.00025,
    0.00032,
    0.0004375,
    0.000455,
    0.000545,
    0.000535,
    0.000525,
    0.000605,
    0.000645,
    0.0006225,
    0.0005775,
    0.0006575,
    0.00065,
    0.00059,
    0.000595,
    0.00056,
    0.00054,
    0.0004675,
    0.0004825,
    0.00041,
    0.0003775,
    0.000395,
    0.0004025,
    0.0003575,
    0.000365,
    0.0003025,
    0.000255,
    0.00024,
    0.0001825,
    0.0002425,
    0.0002125,
    0.000155,
    0.00016,
    0.0001425,
    0.0001125,
    0.000125,
    0.0000675,
    0.00006,
    0.0000875,
    0.0000525,
    0.0000525,
    0.00004,
    0.0000325,
    0.000045,
    0.0000325,
    0.0000425,
    0.00002,
    0.000015,
    5e-6,
    0.0000175,
    0.00002,
    7.5e-6,
    0.0000125,
    5e-6,
    7.5e-6,
    7.5e-6,
    0.0,
    0.0,
    2.5e-6,
    2.5e-6,
    0.0,
    2.5e-6,
    2.5e-6,
    0.0,
    0.0,
    0.0,
    0.0,
    2.5e-6,
    0.0,
    0.0,
    0.0,
    0.0,
    2.5e-6,
    0.0,
    0.0,
    0.0,
    0.0,
    0.0,
    0.0,
    0.0,
    0.0,
    0.0,
    0.0,
    0.0,
    0.0,
    0.0,
    0.0,
    0.0,
    0.0,
    0.0,
    0.0,
    0.0,
    0.0,
    0.0,
    0.0,
    0.0
  ],
  "before_simplicial": [
    0.0000575,
    0.000085,
    0.0001425,
    0.0002425,
    0.00025,
    0.00032,
    0.0004375,
    0.000455,
    0.000545,
    0.000535,
    0.000525,
    0.000605,
    0.000645,
    0.0006225,
    0.0005775,
    0.0006575,
    0.00065,
    0.00059,
    0.000595,
    0.00056,
    0.00054,
    0.0004675,
    0.0004825,
    0.00041,
    0.0003775,
    0.000395,
    0.0004025,
    0.0003575,
    0.000365,
    0.0003025,
    0.000255,
    0.00024,
    0.0001825,
    0.0002425,
    0.0002125,
    0.000155,
    0.00016,
    0.0001425,
    0.0001125,
    0.000125,
    0.0000675,
    0.00006,
    0.0000875,
    0.0000525,
    0.0000525,
    0.00004,
    0.0000325,
    0.000045,
    0.0000325,
    0.0000425,
    0.00002,
    0.000015,
    5e-6,
    0.0000175,
    0.00002,
    7.5e-6,
    0.0000125,
    5e-6,
    7.5e-6,
    7.5e-6,
    0.0,
    0.0,
    2.5e-6,
    2.5e-6,
    0.0,
    2.5e-6,
    2.5e-6,
    0.0,
    0.0,
    0.0,
    0.0,
    2.5e-6,
    0.0,
    0.0,
    0.0,
    0.0,
    2.5e-6,
    0.0,
    0.0,
    0.0,
    0.0,
    0.0,
    0.0,
    0.0,
    0.0,
    0.0,
    0.0,
    0.0,
    0.0,
    0.0,
    0.0,
    0.0,
    0.0,
    0.0,
    0.0,
    0.0,
    0.0,
    0.0,
    0.0,
    0.0
  ],
  "after_claw_free": [
    0.0000575,
    0.000085,
    0.0001425,
    0.0002425,
    0.00025,
    0.00032,
    0.0004375,
    0.000455,
    0.000545,
    0.000535,
    0.000525,
    0.000605,
    0.000645,
    0.0006225,
    0.0005775,
    0.0006575,
    0.00065,
    0.00059,
    0.000595,
    0.00056,
    0.00054,
    0.0004675,
    0.0004825,
    0.00041,
    0.0003775,
    0.000395,
    0.0004025,
    0.0003575,
    0.000365,
    0.0003025,
    0.000255,
    0.00024,
    0.0001825,
    0.0002425,
    0.0002125,
    0.000155,
    0.00016,
    0.0001425,
    0.0001125,
    0.000125,
    0.0000675,
    0.00006,
    0.0000875,
    0.0000525,
    0.0000525,
    0.00004,
    0.0000325,
    0.000045,
    0.0000325,
    0.0000425,
    0.00002,
    0.000015,
    5e-6,
    0.0000175,
    0.00002,
    7.5e-6,
    0.0000125,
    5e-6,
    7.5e-6,
    7.5e-6,
    0.0,
    0.0,
    2.5e-6,
    2.5e-6,
    0.0,
    2.5e-6,
    2.5e-6,
    0.0,
    0.0,
    0.0,
    0.0,
    2.5e-6,
    0.0,
    0.0,
    0.0,
    0.0,
    2.5e-6,
    0.0,
    0.0,
    0.0,
    0.0,
    0.0,
    0.0,
    0.0,
    0.0,
    0.0,
    0.0,
    0.0,
    0.0,
    0.0,
    0.0,
    0.0,
    0.0,
    0.0,
    0.0,
    0.0,
    0.0,
    0.0,
    0.0,
    0.0
  ],
  "after_simplicial": [
    0.0000575,
    0.000085,
    0.0001425,
    0.0002425,
    0.00025,
    0.00032,
    0.0004375,
    0.000455,
    0.000545,
    0.000535,
    0.000525,
    0.000605,
    0.000645,
    0.0006225,
    0.0005775,
    0.0006575,
    0.00065,
    0.00059,
    0.000595,
    0.00056,
    0.00054,
    0.0004675,
    0.0004825,
    0.00041,
    0.0003775,
    0.000395,
    0.0004025,
    0.0003575,
    0.000365,
    0.0003025,
    0.000255,
    0.00024,
    0.0001825,
    0.0002425,
    0.0002125,
    0.000155,
    0.00016,
    0.0001425,
    0.0001125,
    0.000125,
    0.0000675,
    0.00006,
    0.0000875,
    0.0000525,
    0.0000525,
    0.00004,
    0.0000325,
    0.000045,
    0.0000325,
    0.0000425,
    0.00002,
    0.000015,
    5e-6,
    0.0000175,
    0.00002,
    7.5e-6,
    0.0000125,
    5e-6,
    7.5e-6,
    7.5e-6,
    0.0,
    0.0,
    2.5e-6,
    2.5e-6,
    0.0,
    2.5e-6,
    2.5e-6,
    0.0,
    0.0,
    0.0,
    0.0,
    2.5e-6,
    0.0,
    0.0,
    0.0,
    0.0,
    2.5e-6,
    0.0,
    0.0,
    0.0,
    0.0,
    0.0,
    0.0,
    0.0,
    0.0,
    0.0,
    0.0,
    0.0,
    0.0,
    0.0,
    0.0,
    0.0,
    0.0,
    0.0,
    0.0,
    0.0,
    0.0,
    0.0,
    0.0,
    0.0
  ],